,observationunitname,observationunitdbid,studydbid,germplasmdbid,germplasmpui,germplasmname,studyname,observationlevel,replicate,replicate,plot,plant,x,y,observationlevels,experimental_factors,observations
0,2,2765036,BTH_Clermont-Ferrand_2000_SetB2,26859,https://doi.org/10.15454/KODDU6,DI00016,BTH_Clermont-Ferrand_2000_SetB2,REPLICATION,2,,,,,,REPLICATION:2,"[{'factor': 'itk', 'modality': 'treated'}]","[{'observationDbId': '3310538', 'observationVariableDbId': 'CO_321:1000074', 'observationVariableName': 'rdt', 'observationTimeStamp': None, 'season': '2000', 'value': '101,9'}]"
1,1,2765035,BTH_Clermont-Ferrand_2000_SetB2,26859,https://doi.org/10.15454/KODDU6,DI00016,BTH_Clermont-Ferrand_2000_SetB2,REPLICATION,1,,,,,,REPLICATION:1,"[{'factor': 'itk', 'modality': 'treated'}]","[{'observationDbId': '3310537', 'observationVariableDbId': 'CO_321:1000074', 'observationVariableName': 'rdt', 'observationTimeStamp': None, 'season': '2000', 'value': '96,3'}]"
2,DI00016itkt,2765080,BTH_Clermont-Ferrand_2000_SetB2,26859,https://doi.org/10.15454/KODDU6,DI00016,BTH_Clermont-Ferrand_2000_SetB2,VIRTUAL_TRIAL,,,,,,,,"[{'factor': 'itk', 'modality': 'treated'}]","[{'observationDbId': '3310709', 'observationVariableDbId': 'CO_321:1000217', 'observationVariableName': 'r', 'observationTimeStamp': None, 'season': '2000', 'value': '104,7'}, {'observationDbId': '3310710', 'observationVariableDbId': 'CO_321:1000074', 'observationVariableName': 'rdt', 'observationTimeStamp': None, 'season': '2000', 'value': '99,1'}, {'observationDbId': '3310707', 'observationVariableDbId': 'CO_321:1000218', 'observationVariableName': 'ht', 'observationTimeStamp': None, 'season': '2000', 'value': '100'}, {'observationDbId': '3310708', 'observationVariableDbId': 'CO_321:1000219', 'observationVariableName': 'prec', 'observationTimeStamp': None, 'season': '2000', 'value': '139'}, {'observationDbId': '3310706', 'observationVariableDbId': 'CO_321:1000070', 'observationVariableName': 'prot', 'observationTimeStamp': None, 'season': '2000', 'value': '13,1'}]"
3,CF99105itkt,2765079,BTH_Clermont-Ferrand_2000_SetB2,25897,https://doi.org/10.15454/J6YB10,CF99105,BTH_Clermont-Ferrand_2000_SetB2,VIRTUAL_TRIAL,,,,,,,,"[{'factor': 'itk', 'modality': 'treated'}]","[{'observationDbId': '3310703', 'observationVariableDbId': 'CO_321:1000217', 'observationVariableName': 'r', 'observationTimeStamp': None, 'season': '2000', 'value': '94,9'}, {'observationDbId': '3310702', 'observationVariableDbId': 'CO_321:1000074', 'observationVariableName': 'rdt', 'observationTimeStamp': None, 'season': '2000', 'value': '89,8'}, {'observationDbId': '3310705', 'observationVariableDbId': 'CO_321:1000218', 'observationVariableName': 'ht', 'observationTimeStamp': None, 'season': '2000', 'value': '100'}, {'observationDbId': '3310704', 'observationVariableDbId': 'CO_321:1000219', 'observationVariableName': 'prec', 'observationTimeStamp': None, 'season': '2000', 'value': '140'}, {'observationDbId': '3310701', 'observationVariableDbId': 'CO_321:1000070', 'observationVariableName': 'prot', 'observationTimeStamp': None, 'season': '2000', 'value': '14'}]"
4,2,2765034,BTH_Clermont-Ferrand_2000_SetB2,25897,https://doi.org/10.15454/J6YB10,CF99105,BTH_Clermont-Ferrand_2000_SetB2,REPLICATION,2,,,,,,REPLICATION:2,"[{'factor': 'itk', 'modality': 'treated'}]","[{'observationDbId': '3310536', 'observationVariableDbId': 'CO_321:1000074', 'observationVariableName': 'rdt', 'observationTimeStamp': None, 'season': '2000', 'value': '93,6'}]"
5,1,2765033,BTH_Clermont-Ferrand_2000_SetB2,25897,https://doi.org/10.15454/J6YB10,CF99105,BTH_Clermont-Ferrand_2000_SetB2,REPLICATION,1,,,,,,REPLICATION:1,"[{'factor': 'itk', 'modality': 'treated'}]","[{'observationDbId': '3310535', 'observationVariableDbId': 'CO_321:1000074', 'observationVariableName': 'rdt', 'observationTimeStamp': None, 'season': '2000', 'value': '85,9'}]"
6,1,2765043,BTH_Clermont-Ferrand_2000_SetB2,25999,https://doi.org/10.15454/VRBLKL,CF00191,BTH_Clermont-Ferrand_2000_SetB2,REPLICATION,1,,,,,,REPLICATION:1,"[{'factor': 'itk', 'modality': 'treated'}]","[{'observationDbId': '3310545', 'observationVariableDbId': 'CO_321:1000074', 'observationVariableName': 'rdt', 'observationTimeStamp': None, 'season': '2000', 'value': '93,5'}]"
7,2,2765044,BTH_Clermont-Ferrand_2000_SetB2,25999,https://doi.org/10.15454/VRBLKL,CF00191,BTH_Clermont-Ferrand_2000_SetB2,REPLICATION,2,,,,,,REPLICATION:2,"[{'factor': 'itk', 'modality': 'treated'}]","[{'observationDbId': '3310546', 'observationVariableDbId': 'CO_321:1000074', 'observationVariableName': 'rdt', 'observationTimeStamp': None, 'season': '2000', 'value': '96,7'}]"
8,CF00191itkt,2765084,BTH_Clermont-Ferrand_2000_SetB2,25999,https://doi.org/10.15454/VRBLKL,CF00191,BTH_Clermont-Ferrand_2000_SetB2,VIRTUAL_TRIAL,,,,,,,,"[{'factor': 'itk', 'modality': 'treated'}]","[{'observationDbId': '3310729', 'observationVariableDbId': 'CO_321:1000217', 'observationVariableName': 'r', 'observationTimeStamp': None, 'season': '2000', 'value': '100,5'}, {'observationDbId': '3310730', 'observationVariableDbId': 'CO_321:1000074', 'observationVariableName': 'rdt', 'observationTimeStamp': None, 'season': '2000', 'value': '95,1'}, {'observationDbId': '3310727', 'observationVariableDbId': 'CO_321:1000218', 'observationVariableName': 'ht', 'observationTimeStamp': None, 'season': '2000', 'value': '95'}, {'observationDbId': '3310728', 'observationVariableDbId': 'CO_321:1000219', 'observationVariableName': 'prec', 'observationTimeStamp': None, 'season': '2000', 'value': '139'}, {'observationDbId': '3310726', 'observationVariableDbId': 'CO_321:1000070', 'observationVariableName': 'prot', 'observationTimeStamp': None, 'season': '2000', 'value': '12,4'}]"
9,EM00014itkt,2765067,BTH_Clermont-Ferrand_2000_SetB2,49530,gnpis_pui:holding-921_taxon-4898_accession-49530,EM00014,BTH_Clermont-Ferrand_2000_SetB2,VIRTUAL_TRIAL,,,,,,,,"[{'factor': 'itk', 'modality': 'treated'}]","[{'observationDbId': '3310645', 'observationVariableDbId': 'CO_321:1000217', 'observationVariableName': 'r', 'observationTimeStamp': None, 'season': '2000', 'value': '92,3'}, {'observationDbId': '3310642', 'observationVariableDbId': 'CO_321:1000074', 'observationVariableName': 'rdt', 'observationTimeStamp': None, 'season': '2000', 'value': '87,3'}, {'observationDbId': '3310643', 'observationVariableDbId': 'CO_321:1000218', 'observationVariableName': 'ht', 'observationTimeStamp': None, 'season': '2000', 'value': '105'}, {'observationDbId': '3310644', 'observationVariableDbId': 'CO_321:1000219', 'observationVariableName': 'prec', 'observationTimeStamp': None, 'season': '2000', 'value': '146'}, {'observationDbId': '3310641', 'observationVariableDbId': 'CO_321:1000070', 'observationVariableName': 'prot', 'observationTimeStamp': None, 'season': '2000', 'value': '14,1'}]"
10,2,2765010,BTH_Clermont-Ferrand_2000_SetB2,49530,gnpis_pui:holding-921_taxon-4898_accession-49530,EM00014,BTH_Clermont-Ferrand_2000_SetB2,REPLICATION,2,,,,,,REPLICATION:2,"[{'factor': 'itk', 'modality': 'treated'}]","[{'observationDbId': '3310512', 'observationVariableDbId': 'CO_321:1000074', 'observationVariableName': 'rdt', 'observationTimeStamp': None, 'season': '2000', 'value': '86,9'}]"
11,1,2765009,BTH_Clermont-Ferrand_2000_SetB2,49530,gnpis_pui:holding-921_taxon-4898_accession-49530,EM00014,BTH_Clermont-Ferrand_2000_SetB2,REPLICATION,1,,,,,,REPLICATION:1,"[{'factor': 'itk', 'modality': 'treated'}]","[{'observationDbId': '3310511', 'observationVariableDbId': 'CO_321:1000074', 'observationVariableName': 'rdt', 'observationTimeStamp': None, 'season': '2000', 'value': '87,7'}]"
12,2,2764974,BTH_Clermont-Ferrand_2000_SetB2,48960,gnpis_pui:holding-921_taxon-4898_accession-48960,DI00017,BTH_Clermont-Ferrand_2000_SetB2,REPLICATION,2,,,,,,REPLICATION:2,"[{'factor': 'itk', 'modality': 'treated'}]","[{'observationDbId': '3310476', 'observationVariableDbId': 'CO_321:1000074', 'observationVariableName': 'rdt', 'observationTimeStamp': None, 'season': '2000', 'value': '96,7'}]"
13,1,2764973,BTH_Clermont-Ferrand_2000_SetB2,48960,gnpis_pui:holding-921_taxon-4898_accession-48960,DI00017,BTH_Clermont-Ferrand_2000_SetB2,REPLICATION,1,,,,,,REPLICATION:1,"[{'factor': 'itk', 'modality': 'treated'}]","[{'observationDbId': '3310475', 'observationVariableDbId': 'CO_321:1000074', 'observationVariableName': 'rdt', 'observationTimeStamp': None, 'season': '2000', 'value': '97,2'}]"
14,DI00017itkt,2765049,BTH_Clermont-Ferrand_2000_SetB2,48960,gnpis_pui:holding-921_taxon-4898_accession-48960,DI00017,BTH_Clermont-Ferrand_2000_SetB2,VIRTUAL_TRIAL,,,,,,,,"[{'factor': 'itk', 'modality': 'treated'}]","[{'observationDbId': '3310552', 'observationVariableDbId': 'CO_321:1000217', 'observationVariableName': 'r', 'observationTimeStamp': None, 'season': '2000', 'value': '102,5'}, {'observationDbId': '3310555', 'observationVariableDbId': 'CO_321:1000074', 'observationVariableName': 'rdt', 'observationTimeStamp': None, 'season': '2000', 'value': '96,9'}, {'observationDbId': '3310554', 'observationVariableDbId': 'CO_321:1000218', 'observationVariableName': 'ht', 'observationTimeStamp': None, 'season': '2000', 'value': '100'}, {'observationDbId': '3310553', 'observationVariableDbId': 'CO_321:1000219', 'observationVariableName': 'prec', 'observationTimeStamp': None, 'season': '2000', 'value': '138'}, {'observationDbId': '3310551', 'observationVariableDbId': 'CO_321:1000070', 'observationVariableName': 'prot', 'observationTimeStamp': None, 'season': '2000', 'value': '11,6'}]"
15,CF00190itkt,2765055,BTH_Clermont-Ferrand_2000_SetB2,49106,gnpis_pui:holding-921_taxon-4898_accession-49106,CF00190,BTH_Clermont-Ferrand_2000_SetB2,VIRTUAL_TRIAL,,,,,,,,"[{'factor': 'itk', 'modality': 'treated'}]","[{'observationDbId': '3310585', 'observationVariableDbId': 'CO_321:1000217', 'observationVariableName': 'r', 'observationTimeStamp': None, 'season': '2000', 'value': '98,3'}, {'observationDbId': '3310581', 'observationVariableDbId': 'CO_321:1000074', 'observationVariableName': 'rdt', 'observationTimeStamp': None, 'season': '2000', 'value': '93'}, {'observationDbId': '3310583', 'observationVariableDbId': 'CO_321:1000218', 'observationVariableName': 'ht', 'observationTimeStamp': None, 'season': '2000', 'value': '105'}, {'observationDbId': '3310584', 'observationVariableDbId': 'CO_321:1000219', 'observationVariableName': 'prec', 'observationTimeStamp': None, 'season': '2000', 'value': '139'}, {'observationDbId': '3310582', 'observationVariableDbId': 'CO_321:1000070', 'observationVariableName': 'prot', 'observationTimeStamp': None, 'season': '2000', 'value': '13,6'}]"
16,2,2764986,BTH_Clermont-Ferrand_2000_SetB2,49106,gnpis_pui:holding-921_taxon-4898_accession-49106,CF00190,BTH_Clermont-Ferrand_2000_SetB2,REPLICATION,2,,,,,,REPLICATION:2,"[{'factor': 'itk', 'modality': 'treated'}]","[{'observationDbId': '3310488', 'observationVariableDbId': 'CO_321:1000074', 'observationVariableName': 'rdt', 'observationTimeStamp': None, 'season': '2000', 'value': '91,8'}]"
17,1,2764985,BTH_Clermont-Ferrand_2000_SetB2,49106,gnpis_pui:holding-921_taxon-4898_accession-49106,CF00190,BTH_Clermont-Ferrand_2000_SetB2,REPLICATION,1,,,,,,REPLICATION:1,"[{'factor': 'itk', 'modality': 'treated'}]","[{'observationDbId': '3310487', 'observationVariableDbId': 'CO_321:1000074', 'observationVariableName': 'rdt', 'observationTimeStamp': None, 'season': '2000', 'value': '94,1'}]"
18,2,2764982,BTH_Clermont-Ferrand_2000_SetB2,49203,gnpis_pui:holding-921_taxon-4898_accession-49203,EM00008,BTH_Clermont-Ferrand_2000_SetB2,REPLICATION,2,,,,,,REPLICATION:2,"[{'factor': 'itk', 'modality': 'treated'}]","[{'observationDbId': '3310484', 'observationVariableDbId': 'CO_321:1000074', 'observationVariableName': 'rdt', 'observationTimeStamp': None, 'season': '2000', 'value': '91,3'}]"
19,1,2764981,BTH_Clermont-Ferrand_2000_SetB2,49203,gnpis_pui:holding-921_taxon-4898_accession-49203,EM00008,BTH_Clermont-Ferrand_2000_SetB2,REPLICATION,1,,,,,,REPLICATION:1,"[{'factor': 'itk', 'modality': 'treated'}]","[{'observationDbId': '3310483', 'observationVariableDbId': 'CO_321:1000074', 'observationVariableName': 'rdt', 'observationTimeStamp': None, 'season': '2000', 'value': '87,8'}]"
20,EM00008itkt,2765053,BTH_Clermont-Ferrand_2000_SetB2,49203,gnpis_pui:holding-921_taxon-4898_accession-49203,EM00008,BTH_Clermont-Ferrand_2000_SetB2,VIRTUAL_TRIAL,,,,,,,,"[{'factor': 'itk', 'modality': 'treated'}]","[{'observationDbId': '3310572', 'observationVariableDbId': 'CO_321:1000217', 'observationVariableName': 'r', 'observationTimeStamp': None, 'season': '2000', 'value': '94,7'}, {'observationDbId': '3310571', 'observationVariableDbId': 'CO_321:1000074', 'observationVariableName': 'rdt', 'observationTimeStamp': None, 'season': '2000', 'value': '89,6'}, {'observationDbId': '3310574', 'observationVariableDbId': 'CO_321:1000218', 'observationVariableName': 'ht', 'observationTimeStamp': None, 'season': '2000', 'value': '95'}, {'observationDbId': '3310573', 'observationVariableDbId': 'CO_321:1000219', 'observationVariableName': 'prec', 'observationTimeStamp': None, 'season': '2000', 'value': '140'}, {'observationDbId': '3310575', 'observationVariableDbId': 'CO_321:1000070', 'observationVariableName': 'prot', 'observationTimeStamp': None, 'season': '2000', 'value': '13'}]"
21,2,2765028,BTH_Clermont-Ferrand_2000_SetB2,48428,gnpis_pui:holding-921_taxon-4898_accession-48428,DI00012,BTH_Clermont-Ferrand_2000_SetB2,REPLICATION,2,,,,,,REPLICATION:2,"[{'factor': 'itk', 'modality': 'treated'}]","[{'observationDbId': '3310530', 'observationVariableDbId': 'CO_321:1000074', 'observationVariableName': 'rdt', 'observationTimeStamp': None, 'season': '2000', 'value': '87,4'}]"
22,DI00012itkt,2765076,BTH_Clermont-Ferrand_2000_SetB2,48428,gnpis_pui:holding-921_taxon-4898_accession-48428,DI00012,BTH_Clermont-Ferrand_2000_SetB2,VIRTUAL_TRIAL,,,,,,,,"[{'factor': 'itk', 'modality': 'treated'}]","[{'observationDbId': '3310689', 'observationVariableDbId': 'CO_321:1000217', 'observationVariableName': 'r', 'observationTimeStamp': None, 'season': '2000', 'value': '92,4'}, {'observationDbId': '3310688', 'observationVariableDbId': 'CO_321:1000074', 'observationVariableName': 'rdt', 'observationTimeStamp': None, 'season': '2000', 'value': '87,4'}, {'observationDbId': '3310687', 'observationVariableDbId': 'CO_321:1000218', 'observationVariableName': 'ht', 'observationTimeStamp': None, 'season': '2000', 'value': '100'}, {'observationDbId': '3310686', 'observationVariableDbId': 'CO_321:1000219', 'observationVariableName': 'prec', 'observationTimeStamp': None, 'season': '2000', 'value': '138'}, {'observationDbId': '3310690', 'observationVariableDbId': 'CO_321:1000070', 'observationVariableName': 'prot', 'observationTimeStamp': None, 'season': '2000', 'value': '11,8'}]"
23,1,2765027,BTH_Clermont-Ferrand_2000_SetB2,48428,gnpis_pui:holding-921_taxon-4898_accession-48428,DI00012,BTH_Clermont-Ferrand_2000_SetB2,REPLICATION,1,,,,,,REPLICATION:1,"[{'factor': 'itk', 'modality': 'treated'}]","[{'observationDbId': '3310529', 'observationVariableDbId': 'CO_321:1000074', 'observationVariableName': 'rdt', 'observationTimeStamp': None, 'season': '2000', 'value': '87,4'}]"
24,CF99127itkt,2765075,BTH_Clermont-Ferrand_2000_SetB2,49184,gnpis_pui:holding-921_taxon-4898_accession-49184,CF99127,BTH_Clermont-Ferrand_2000_SetB2,VIRTUAL_TRIAL,,,,,,,,"[{'factor': 'itk', 'modality': 'treated'}]","[{'observationDbId': '3310685', 'observationVariableDbId': 'CO_321:1000217', 'observationVariableName': 'r', 'observationTimeStamp': None, 'season': '2000', 'value': '94,6'}, {'observationDbId': '3310681', 'observationVariableDbId': 'CO_321:1000074', 'observationVariableName': 'rdt', 'observationTimeStamp': None, 'season': '2000', 'value': '89,5'}, {'observationDbId': '3310683', 'observationVariableDbId': 'CO_321:1000218', 'observationVariableName': 'ht', 'observationTimeStamp': None, 'season': '2000', 'value': '100'}, {'observationDbId': '3310684', 'observationVariableDbId': 'CO_321:1000219', 'observationVariableName': 'prec', 'observationTimeStamp': None, 'season': '2000', 'value': '146'}, {'observationDbId': '3310682', 'observationVariableDbId': 'CO_321:1000070', 'observationVariableName': 'prot', 'observationTimeStamp': None, 'season': '2000', 'value': '13,4'}]"
25,2,2765026,BTH_Clermont-Ferrand_2000_SetB2,49184,gnpis_pui:holding-921_taxon-4898_accession-49184,CF99127,BTH_Clermont-Ferrand_2000_SetB2,REPLICATION,2,,,,,,REPLICATION:2,"[{'factor': 'itk', 'modality': 'treated'}]","[{'observationDbId': '3310528', 'observationVariableDbId': 'CO_321:1000074', 'observationVariableName': 'rdt', 'observationTimeStamp': None, 'season': '2000', 'value': '84,2'}]"
26,1,2765025,BTH_Clermont-Ferrand_2000_SetB2,49184,gnpis_pui:holding-921_taxon-4898_accession-49184,CF99127,BTH_Clermont-Ferrand_2000_SetB2,REPLICATION,1,,,,,,REPLICATION:1,"[{'factor': 'itk', 'modality': 'treated'}]","[{'observationDbId': '3310527', 'observationVariableDbId': 'CO_321:1000074', 'observationVariableName': 'rdt', 'observationTimeStamp': None, 'season': '2000', 'value': '94,8'}]"
27,DI00011itkt,2765077,BTH_Clermont-Ferrand_2000_SetB2,48371,gnpis_pui:holding-921_taxon-4898_accession-48371,DI00011,BTH_Clermont-Ferrand_2000_SetB2,VIRTUAL_TRIAL,,,,,,,,"[{'factor': 'itk', 'modality': 'treated'}]","[{'observationDbId': '3310691', 'observationVariableDbId': 'CO_321:1000217', 'observationVariableName': 'r', 'observationTimeStamp': None, 'season': '2000', 'value': '96,3'}, {'observationDbId': '3310695', 'observationVariableDbId': 'CO_321:1000074', 'observationVariableName': 'rdt', 'observationTimeStamp': None, 'season': '2000', 'value': '91,1'}, {'observationDbId': '3310693', 'observationVariableDbId': 'CO_321:1000218', 'observationVariableName': 'ht', 'observationTimeStamp': None, 'season': '2000', 'value': '90'}, {'observationDbId': '3310694', 'observationVariableDbId': 'CO_321:1000219', 'observationVariableName': 'prec', 'observationTimeStamp': None, 'season': '2000', 'value': '142'}, {'observationDbId': '3310692', 'observationVariableDbId': 'CO_321:1000070', 'observationVariableName': 'prot', 'observationTimeStamp': None, 'season': '2000', 'value': '13,1'}]"
28,1,2765029,BTH_Clermont-Ferrand_2000_SetB2,48371,gnpis_pui:holding-921_taxon-4898_accession-48371,DI00011,BTH_Clermont-Ferrand_2000_SetB2,REPLICATION,1,,,,,,REPLICATION:1,"[{'factor': 'itk', 'modality': 'treated'}]","[{'observationDbId': '3310531', 'observationVariableDbId': 'CO_321:1000074', 'observationVariableName': 'rdt', 'observationTimeStamp': None, 'season': '2000', 'value': '94,7'}]"
29,2,2765030,BTH_Clermont-Ferrand_2000_SetB2,48371,gnpis_pui:holding-921_taxon-4898_accession-48371,DI00011,BTH_Clermont-Ferrand_2000_SetB2,REPLICATION,2,,,,,,REPLICATION:2,"[{'factor': 'itk', 'modality': 'treated'}]","[{'observationDbId': '3310532', 'observationVariableDbId': 'CO_321:1000074', 'observationVariableName': 'rdt', 'observationTimeStamp': None, 'season': '2000', 'value': '87,5'}]"
30,1,2765015,BTH_Clermont-Ferrand_2000_SetB2,48443,gnpis_pui:holding-921_taxon-4898_accession-48443,EM00010,BTH_Clermont-Ferrand_2000_SetB2,REPLICATION,1,,,,,,REPLICATION:1,"[{'factor': 'itk', 'modality': 'treated'}]","[{'observationDbId': '3310517', 'observationVariableDbId': 'CO_321:1000074', 'observationVariableName': 'rdt', 'observationTimeStamp': None, 'season': '2000', 'value': '84,1'}]"
31,EM00010itkt,2765070,BTH_Clermont-Ferrand_2000_SetB2,48443,gnpis_pui:holding-921_taxon-4898_accession-48443,EM00010,BTH_Clermont-Ferrand_2000_SetB2,VIRTUAL_TRIAL,,,,,,,,"[{'factor': 'itk', 'modality': 'treated'}]","[{'observationDbId': '3310656', 'observationVariableDbId': 'CO_321:1000217', 'observationVariableName': 'r', 'observationTimeStamp': None, 'season': '2000', 'value': '90,1'}, {'observationDbId': '3310657', 'observationVariableDbId': 'CO_321:1000074', 'observationVariableName': 'rdt', 'observationTimeStamp': None, 'season': '2000', 'value': '85,3'}, {'observationDbId': '3310659', 'observationVariableDbId': 'CO_321:1000218', 'observationVariableName': 'ht', 'observationTimeStamp': None, 'season': '2000', 'value': '95'}, {'observationDbId': '3310660', 'observationVariableDbId': 'CO_321:1000219', 'observationVariableName': 'prec', 'observationTimeStamp': None, 'season': '2000', 'value': '141'}, {'observationDbId': '3310658', 'observationVariableDbId': 'CO_321:1000070', 'observationVariableName': 'prot', 'observationTimeStamp': None, 'season': '2000', 'value': '13,1'}]"
32,2,2765016,BTH_Clermont-Ferrand_2000_SetB2,48443,gnpis_pui:holding-921_taxon-4898_accession-48443,EM00010,BTH_Clermont-Ferrand_2000_SetB2,REPLICATION,2,,,,,,REPLICATION:2,"[{'factor': 'itk', 'modality': 'treated'}]","[{'observationDbId': '3310518', 'observationVariableDbId': 'CO_321:1000074', 'observationVariableName': 'rdt', 'observationTimeStamp': None, 'season': '2000', 'value': '86,4'}]"
33,1,2764983,BTH_Clermont-Ferrand_2000_SetB2,49133,gnpis_pui:holding-921_taxon-4898_accession-49133,DI00014,BTH_Clermont-Ferrand_2000_SetB2,REPLICATION,1,,,,,,REPLICATION:1,"[{'factor': 'itk', 'modality': 'treated'}]","[{'observationDbId': '3310485', 'observationVariableDbId': 'CO_321:1000074', 'observationVariableName': 'rdt', 'observationTimeStamp': None, 'season': '2000', 'value': '86,8'}]"
34,DI00014itkt,2765054,BTH_Clermont-Ferrand_2000_SetB2,49133,gnpis_pui:holding-921_taxon-4898_accession-49133,DI00014,BTH_Clermont-Ferrand_2000_SetB2,VIRTUAL_TRIAL,,,,,,,,"[{'factor': 'itk', 'modality': 'treated'}]","[{'observationDbId': '3310579', 'observationVariableDbId': 'CO_321:1000217', 'observationVariableName': 'r', 'observationTimeStamp': None, 'season': '2000', 'value': '93,1'}, {'observationDbId': '3310580', 'observationVariableDbId': 'CO_321:1000074', 'observationVariableName': 'rdt', 'observationTimeStamp': None, 'season': '2000', 'value': '88'}, {'observationDbId': '3310577', 'observationVariableDbId': 'CO_321:1000218', 'observationVariableName': 'ht', 'observationTimeStamp': None, 'season': '2000', 'value': '95'}, {'observationDbId': '3310578', 'observationVariableDbId': 'CO_321:1000219', 'observationVariableName': 'prec', 'observationTimeStamp': None, 'season': '2000', 'value': '140'}, {'observationDbId': '3310576', 'observationVariableDbId': 'CO_321:1000070', 'observationVariableName': 'prot', 'observationTimeStamp': None, 'season': '2000', 'value': '11,5'}]"
35,2,2764984,BTH_Clermont-Ferrand_2000_SetB2,49133,gnpis_pui:holding-921_taxon-4898_accession-49133,DI00014,BTH_Clermont-Ferrand_2000_SetB2,REPLICATION,2,,,,,,REPLICATION:2,"[{'factor': 'itk', 'modality': 'treated'}]","[{'observationDbId': '3310486', 'observationVariableDbId': 'CO_321:1000074', 'observationVariableName': 'rdt', 'observationTimeStamp': None, 'season': '2000', 'value': '89,3'}]"
36,RE00007itkt,2765063,BTH_Clermont-Ferrand_2000_SetB2,48568,gnpis_pui:holding-921_taxon-4898_accession-48568,RE00007,BTH_Clermont-Ferrand_2000_SetB2,VIRTUAL_TRIAL,,,,,,,,"[{'factor': 'itk', 'modality': 'treated'}]","[{'observationDbId': '3310625', 'observationVariableDbId': 'CO_321:1000217', 'observationVariableName': 'r', 'observationTimeStamp': None, 'season': '2000', 'value': '87,9'}, {'observationDbId': '3310622', 'observationVariableDbId': 'CO_321:1000074', 'observationVariableName': 'rdt', 'observationTimeStamp': None, 'season': '2000', 'value': '83,1'}, {'observationDbId': '3310623', 'observationVariableDbId': 'CO_321:1000218', 'observationVariableName': 'ht', 'observationTimeStamp': None, 'season': '2000', 'value': '95'}, {'observationDbId': '3310624', 'observationVariableDbId': 'CO_321:1000219', 'observationVariableName': 'prec', 'observationTimeStamp': None, 'season': '2000', 'value': '143'}, {'observationDbId': '3310621', 'observationVariableDbId': 'CO_321:1000070', 'observationVariableName': 'prot', 'observationTimeStamp': None, 'season': '2000', 'value': '14'}]"
37,2,2765002,BTH_Clermont-Ferrand_2000_SetB2,48568,gnpis_pui:holding-921_taxon-4898_accession-48568,RE00007,BTH_Clermont-Ferrand_2000_SetB2,REPLICATION,2,,,,,,REPLICATION:2,"[{'factor': 'itk', 'modality': 'treated'}]","[{'observationDbId': '3310504', 'observationVariableDbId': 'CO_321:1000074', 'observationVariableName': 'rdt', 'observationTimeStamp': None, 'season': '2000', 'value': '89,3'}]"
38,1,2765001,BTH_Clermont-Ferrand_2000_SetB2,48568,gnpis_pui:holding-921_taxon-4898_accession-48568,RE00007,BTH_Clermont-Ferrand_2000_SetB2,REPLICATION,1,,,,,,REPLICATION:1,"[{'factor': 'itk', 'modality': 'treated'}]","[{'observationDbId': '3310503', 'observationVariableDbId': 'CO_321:1000074', 'observationVariableName': 'rdt', 'observationTimeStamp': None, 'season': '2000', 'value': '76,9'}]"
39,RE00006itkt,2765062,BTH_Clermont-Ferrand_2000_SetB2,48591,gnpis_pui:holding-921_taxon-4898_accession-48591,RE00006,BTH_Clermont-Ferrand_2000_SetB2,VIRTUAL_TRIAL,,,,,,,,"[{'factor': 'itk', 'modality': 'treated'}]","[{'observationDbId': '3310620', 'observationVariableDbId': 'CO_321:1000217', 'observationVariableName': 'r', 'observationTimeStamp': None, 'season': '2000', 'value': '97,7'}, {'observationDbId': '3310617', 'observationVariableDbId': 'CO_321:1000074', 'observationVariableName': 'rdt', 'observationTimeStamp': None, 'season': '2000', 'value': '92,5'}, {'observationDbId': '3310619', 'observationVariableDbId': 'CO_321:1000218', 'observationVariableName': 'ht', 'observationTimeStamp': None, 'season': '2000', 'value': '90'}, {'observationDbId': '3310616', 'observationVariableDbId': 'CO_321:1000219', 'observationVariableName': 'prec', 'observationTimeStamp': None, 'season': '2000', 'value': '139'}, {'observationDbId': '3310618', 'observationVariableDbId': 'CO_321:1000070', 'observationVariableName': 'prot', 'observationTimeStamp': None, 'season': '2000', 'value': '12,9'}]"
40,1,2764999,BTH_Clermont-Ferrand_2000_SetB2,48591,gnpis_pui:holding-921_taxon-4898_accession-48591,RE00006,BTH_Clermont-Ferrand_2000_SetB2,REPLICATION,1,,,,,,REPLICATION:1,"[{'factor': 'itk', 'modality': 'treated'}]","[{'observationDbId': '3310501', 'observationVariableDbId': 'CO_321:1000074', 'observationVariableName': 'rdt', 'observationTimeStamp': None, 'season': '2000', 'value': '93,6'}]"
41,2,2765000,BTH_Clermont-Ferrand_2000_SetB2,48591,gnpis_pui:holding-921_taxon-4898_accession-48591,RE00006,BTH_Clermont-Ferrand_2000_SetB2,REPLICATION,2,,,,,,REPLICATION:2,"[{'factor': 'itk', 'modality': 'treated'}]","[{'observationDbId': '3310502', 'observationVariableDbId': 'CO_321:1000074', 'observationVariableName': 'rdt', 'observationTimeStamp': None, 'season': '2000', 'value': '91,4'}]"
42,2,2764988,BTH_Clermont-Ferrand_2000_SetB2,48625,gnpis_pui:holding-921_taxon-4898_accession-48625,LM00002,BTH_Clermont-Ferrand_2000_SetB2,REPLICATION,2,,,,,,REPLICATION:2,"[{'factor': 'itk', 'modality': 'treated'}]","[{'observationDbId': '3310490', 'observationVariableDbId': 'CO_321:1000074', 'observationVariableName': 'rdt', 'observationTimeStamp': None, 'season': '2000', 'value': '86,4'}]"
43,LM00002itkt,2765056,BTH_Clermont-Ferrand_2000_SetB2,48625,gnpis_pui:holding-921_taxon-4898_accession-48625,LM00002,BTH_Clermont-Ferrand_2000_SetB2,VIRTUAL_TRIAL,,,,,,,,"[{'factor': 'itk', 'modality': 'treated'}]","[{'observationDbId': '3310589', 'observationVariableDbId': 'CO_321:1000217', 'observationVariableName': 'r', 'observationTimeStamp': None, 'season': '2000', 'value': '93,3'}, {'observationDbId': '3310590', 'observationVariableDbId': 'CO_321:1000074', 'observationVariableName': 'rdt', 'observationTimeStamp': None, 'season': '2000', 'value': '88,3'}, {'observationDbId': '3310587', 'observationVariableDbId': 'CO_321:1000218', 'observationVariableName': 'ht', 'observationTimeStamp': None, 'season': '2000', 'value': '105'}, {'observationDbId': '3310588', 'observationVariableDbId': 'CO_321:1000219', 'observationVariableName': 'prec', 'observationTimeStamp': None, 'season': '2000', 'value': '145'}, {'observationDbId': '3310586', 'observationVariableDbId': 'CO_321:1000070', 'observationVariableName': 'prot', 'observationTimeStamp': None, 'season': '2000', 'value': '12,1'}]"
44,1,2764987,BTH_Clermont-Ferrand_2000_SetB2,48625,gnpis_pui:holding-921_taxon-4898_accession-48625,LM00002,BTH_Clermont-Ferrand_2000_SetB2,REPLICATION,1,,,,,,REPLICATION:1,"[{'factor': 'itk', 'modality': 'treated'}]","[{'observationDbId': '3310489', 'observationVariableDbId': 'CO_321:1000074', 'observationVariableName': 'rdt', 'observationTimeStamp': None, 'season': '2000', 'value': '90,2'}]"
45,Chargeritkt,2765064,BTH_Clermont-Ferrand_2000_SetB2,25584,https://doi.org/10.15454/0ALDQA,CHARGER,BTH_Clermont-Ferrand_2000_SetB2,VIRTUAL_TRIAL,,,,,,,,"[{'factor': 'itk', 'modality': 'treated'}]","[{'observationDbId': '3310626', 'observationVariableDbId': 'CO_321:1000217', 'observationVariableName': 'r', 'observationTimeStamp': None, 'season': '2000', 'value': '91,2'}, {'observationDbId': '3310627', 'observationVariableDbId': 'CO_321:1000074', 'observationVariableName': 'rdt', 'observationTimeStamp': None, 'season': '2000', 'value': '86,3'}, {'observationDbId': '3310629', 'observationVariableDbId': 'CO_321:1000218', 'observationVariableName': 'ht', 'observationTimeStamp': None, 'season': '2000', 'value': '90'}, {'observationDbId': '3310630', 'observationVariableDbId': 'CO_321:1000219', 'observationVariableName': 'prec', 'observationTimeStamp': None, 'season': '2000', 'value': '143'}, {'observationDbId': '3310628', 'observationVariableDbId': 'CO_321:1000070', 'observationVariableName': 'prot', 'observationTimeStamp': None, 'season': '2000', 'value': '13,8'}]"
46,2,2765004,BTH_Clermont-Ferrand_2000_SetB2,25584,https://doi.org/10.15454/0ALDQA,CHARGER,BTH_Clermont-Ferrand_2000_SetB2,REPLICATION,2,,,,,,REPLICATION:2,"[{'factor': 'itk', 'modality': 'treated'}]","[{'observationDbId': '3310506', 'observationVariableDbId': 'CO_321:1000074', 'observationVariableName': 'rdt', 'observationTimeStamp': None, 'season': '2000', 'value': '89,5'}]"
47,1,2765003,BTH_Clermont-Ferrand_2000_SetB2,25584,https://doi.org/10.15454/0ALDQA,CHARGER,BTH_Clermont-Ferrand_2000_SetB2,REPLICATION,1,,,,,,REPLICATION:1,"[{'factor': 'itk', 'modality': 'treated'}]","[{'observationDbId': '3310505', 'observationVariableDbId': 'CO_321:1000074', 'observationVariableName': 'rdt', 'observationTimeStamp': None, 'season': '2000', 'value': '83,1'}]"
48,1,2765007,BTH_Clermont-Ferrand_2000_SetB2,24505,https://doi.org/10.15454/9YBOHR,TREMIE,BTH_Clermont-Ferrand_2000_SetB2,REPLICATION,1,,,,,,REPLICATION:1,"[{'factor': 'itk', 'modality': 'treated'}]","[{'observationDbId': '3310509', 'observationVariableDbId': 'CO_321:1000074', 'observationVariableName': 'rdt', 'observationTimeStamp': None, 'season': '2000', 'value': '96,3'}]"
49,Tremieitkt,2765066,BTH_Clermont-Ferrand_2000_SetB2,24505,https://doi.org/10.15454/9YBOHR,TREMIE,BTH_Clermont-Ferrand_2000_SetB2,VIRTUAL_TRIAL,,,,,,,,"[{'factor': 'itk', 'modality': 'treated'}]","[{'observationDbId': '3310640', 'observationVariableDbId': 'CO_321:1000217', 'observationVariableName': 'r', 'observationTimeStamp': None, 'season': '2000', 'value': '101,3'}, {'observationDbId': '3310636', 'observationVariableDbId': 'CO_321:1000074', 'observationVariableName': 'rdt', 'observationTimeStamp': None, 'season': '2000', 'value': '95,8'}, {'observationDbId': '3310638', 'observationVariableDbId': 'CO_321:1000218', 'observationVariableName': 'ht', 'observationTimeStamp': None, 'season': '2000', 'value': '90'}, {'observationDbId': '3310639', 'observationVariableDbId': 'CO_321:1000219', 'observationVariableName': 'prec', 'observationTimeStamp': None, 'season': '2000', 'value': '137'}, {'observationDbId': '3310637', 'observationVariableDbId': 'CO_321:1000070', 'observationVariableName': 'prot', 'observationTimeStamp': None, 'season': '2000', 'value': '11,9'}]"
50,2,2765008,BTH_Clermont-Ferrand_2000_SetB2,24505,https://doi.org/10.15454/9YBOHR,TREMIE,BTH_Clermont-Ferrand_2000_SetB2,REPLICATION,2,,,,,,REPLICATION:2,"[{'factor': 'itk', 'modality': 'treated'}]","[{'observationDbId': '3310510', 'observationVariableDbId': 'CO_321:1000074', 'observationVariableName': 'rdt', 'observationTimeStamp': None, 'season': '2000', 'value': '95,4'}]"
51,Balthazaritkt,2765051,BTH_Clermont-Ferrand_2000_SetB2,25537,https://doi.org/10.15454/ISHUU1,BALTHAZAR,BTH_Clermont-Ferrand_2000_SetB2,VIRTUAL_TRIAL,,,,,,,,"[{'factor': 'itk', 'modality': 'treated'}]","[{'observationDbId': '3310564', 'observationVariableDbId': 'CO_321:1000217', 'observationVariableName': 'r', 'observationTimeStamp': None, 'season': '2000', 'value': '99,4'}, {'observationDbId': '3310565', 'observationVariableDbId': 'CO_321:1000074', 'observationVariableName': 'rdt', 'observationTimeStamp': None, 'season': '2000', 'value': '94'}, {'observationDbId': '3310562', 'observationVariableDbId': 'CO_321:1000218', 'observationVariableName': 'ht', 'observationTimeStamp': None, 'season': '2000', 'value': '95'}, {'observationDbId': '3310563', 'observationVariableDbId': 'CO_321:1000219', 'observationVariableName': 'prec', 'observationTimeStamp': None, 'season': '2000', 'value': '143'}, {'observationDbId': '3310561', 'observationVariableDbId': 'CO_321:1000070', 'observationVariableName': 'prot', 'observationTimeStamp': None, 'season': '2000', 'value': '12,7'}]"
52,1,2764977,BTH_Clermont-Ferrand_2000_SetB2,25537,https://doi.org/10.15454/ISHUU1,BALTHAZAR,BTH_Clermont-Ferrand_2000_SetB2,REPLICATION,1,,,,,,REPLICATION:1,"[{'factor': 'itk', 'modality': 'treated'}]","[{'observationDbId': '3310479', 'observationVariableDbId': 'CO_321:1000074', 'observationVariableName': 'rdt', 'observationTimeStamp': None, 'season': '2000', 'value': '92,7'}]"
53,2,2764978,BTH_Clermont-Ferrand_2000_SetB2,25537,https://doi.org/10.15454/ISHUU1,BALTHAZAR,BTH_Clermont-Ferrand_2000_SetB2,REPLICATION,2,,,,,,REPLICATION:2,"[{'factor': 'itk', 'modality': 'treated'}]","[{'observationDbId': '3310480', 'observationVariableDbId': 'CO_321:1000074', 'observationVariableName': 'rdt', 'observationTimeStamp': None, 'season': '2000', 'value': '95,3'}]"
54,2,2764994,BTH_Clermont-Ferrand_2000_SetB2,25609,https://doi.org/10.15454/ZUZBM9,ORNICAR,BTH_Clermont-Ferrand_2000_SetB2,REPLICATION,2,,,,,,REPLICATION:2,"[{'factor': 'itk', 'modality': 'treated'}]","[{'observationDbId': '3310496', 'observationVariableDbId': 'CO_321:1000074', 'observationVariableName': 'rdt', 'observationTimeStamp': None, 'season': '2000', 'value': '87,2'}]"
55,1,2764993,BTH_Clermont-Ferrand_2000_SetB2,25609,https://doi.org/10.15454/ZUZBM9,ORNICAR,BTH_Clermont-Ferrand_2000_SetB2,REPLICATION,1,,,,,,REPLICATION:1,"[{'factor': 'itk', 'modality': 'treated'}]","[{'observationDbId': '3310495', 'observationVariableDbId': 'CO_321:1000074', 'observationVariableName': 'rdt', 'observationTimeStamp': None, 'season': '2000', 'value': '91,9'}]"
56,Ornicaritkt,2765059,BTH_Clermont-Ferrand_2000_SetB2,25609,https://doi.org/10.15454/ZUZBM9,ORNICAR,BTH_Clermont-Ferrand_2000_SetB2,VIRTUAL_TRIAL,,,,,,,,"[{'factor': 'itk', 'modality': 'treated'}]","[{'observationDbId': '3310605', 'observationVariableDbId': 'CO_321:1000217', 'observationVariableName': 'r', 'observationTimeStamp': None, 'season': '2000', 'value': '94,6'}, {'observationDbId': '3310603', 'observationVariableDbId': 'CO_321:1000074', 'observationVariableName': 'rdt', 'observationTimeStamp': None, 'season': '2000', 'value': '89,5'}, {'observationDbId': '3310602', 'observationVariableDbId': 'CO_321:1000218', 'observationVariableName': 'ht', 'observationTimeStamp': None, 'season': '2000', 'value': '90'}, {'observationDbId': '3310604', 'observationVariableDbId': 'CO_321:1000219', 'observationVariableName': 'prec', 'observationTimeStamp': None, 'season': '2000', 'value': '138'}, {'observationDbId': '3310601', 'observationVariableDbId': 'CO_321:1000070', 'observationVariableName': 'prot', 'observationTimeStamp': None, 'season': '2000', 'value': '13,1'}]"
57,2,2765032,BTH_Clermont-Ferrand_2000_SetB2,26106,https://doi.org/10.15454/MAUZZM,DI00010,BTH_Clermont-Ferrand_2000_SetB2,REPLICATION,2,,,,,,REPLICATION:2,"[{'factor': 'itk', 'modality': 'treated'}]","[{'observationDbId': '3310534', 'observationVariableDbId': 'CO_321:1000074', 'observationVariableName': 'rdt', 'observationTimeStamp': None, 'season': '2000', 'value': '95,5'}]"
58,1,2765031,BTH_Clermont-Ferrand_2000_SetB2,26106,https://doi.org/10.15454/MAUZZM,DI00010,BTH_Clermont-Ferrand_2000_SetB2,REPLICATION,1,,,,,,REPLICATION:1,"[{'factor': 'itk', 'modality': 'treated'}]","[{'observationDbId': '3310533', 'observationVariableDbId': 'CO_321:1000074', 'observationVariableName': 'rdt', 'observationTimeStamp': None, 'season': '2000', 'value': '98,1'}]"
59,DI00010itkt,2765078,BTH_Clermont-Ferrand_2000_SetB2,26106,https://doi.org/10.15454/MAUZZM,DI00010,BTH_Clermont-Ferrand_2000_SetB2,VIRTUAL_TRIAL,,,,,,,,"[{'factor': 'itk', 'modality': 'treated'}]","[{'observationDbId': '3310699', 'observationVariableDbId': 'CO_321:1000217', 'observationVariableName': 'r', 'observationTimeStamp': None, 'season': '2000', 'value': '102,3'}, {'observationDbId': '3310700', 'observationVariableDbId': 'CO_321:1000074', 'observationVariableName': 'rdt', 'observationTimeStamp': None, 'season': '2000', 'value': '96,8'}, {'observationDbId': '3310696', 'observationVariableDbId': 'CO_321:1000218', 'observationVariableName': 'ht', 'observationTimeStamp': None, 'season': '2000', 'value': '95'}, {'observationDbId': '3310698', 'observationVariableDbId': 'CO_321:1000219', 'observationVariableName': 'prec', 'observationTimeStamp': None, 'season': '2000', 'value': '141'}, {'observationDbId': '3310697', 'observationVariableDbId': 'CO_321:1000070', 'observationVariableName': 'prot', 'observationTimeStamp': None, 'season': '2000', 'value': '12,4'}]"
60,2,2765020,BTH_Clermont-Ferrand_2000_SetB2,26875,https://doi.org/10.15454/WJONCW,RE99123,BTH_Clermont-Ferrand_2000_SetB2,REPLICATION,2,,,,,,REPLICATION:2,"[{'factor': 'itk', 'modality': 'treated'}]","[{'observationDbId': '3310522', 'observationVariableDbId': 'CO_321:1000074', 'observationVariableName': 'rdt', 'observationTimeStamp': None, 'season': '2000', 'value': '89,7'}]"
61,1,2765019,BTH_Clermont-Ferrand_2000_SetB2,26875,https://doi.org/10.15454/WJONCW,RE99123,BTH_Clermont-Ferrand_2000_SetB2,REPLICATION,1,,,,,,REPLICATION:1,"[{'factor': 'itk', 'modality': 'treated'}]","[{'observationDbId': '3310521', 'observationVariableDbId': 'CO_321:1000074', 'observationVariableName': 'rdt', 'observationTimeStamp': None, 'season': '2000', 'value': '87,7'}]"
62,RE99123itkt,2765072,BTH_Clermont-Ferrand_2000_SetB2,26875,https://doi.org/10.15454/WJONCW,RE99123,BTH_Clermont-Ferrand_2000_SetB2,VIRTUAL_TRIAL,,,,,,,,"[{'factor': 'itk', 'modality': 'treated'}]","[{'observationDbId': '3310670', 'observationVariableDbId': 'CO_321:1000217', 'observationVariableName': 'r', 'observationTimeStamp': None, 'season': '2000', 'value': '93,8'}, {'observationDbId': '3310666', 'observationVariableDbId': 'CO_321:1000074', 'observationVariableName': 'rdt', 'observationTimeStamp': None, 'season': '2000', 'value': '88,7'}, {'observationDbId': '3310668', 'observationVariableDbId': 'CO_321:1000218', 'observationVariableName': 'ht', 'observationTimeStamp': None, 'season': '2000', 'value': '90'}, {'observationDbId': '3310669', 'observationVariableDbId': 'CO_321:1000219', 'observationVariableName': 'prec', 'observationTimeStamp': None, 'season': '2000', 'value': '141'}, {'observationDbId': '3310667', 'observationVariableDbId': 'CO_321:1000070', 'observationVariableName': 'prot', 'observationTimeStamp': None, 'season': '2000', 'value': '12,7'}]"
63,EM00009itkt,2765052,BTH_Clermont-Ferrand_2000_SetB2,49567,gnpis_pui:holding-921_taxon-4898_accession-49567,EM00009,BTH_Clermont-Ferrand_2000_SetB2,VIRTUAL_TRIAL,,,,,,,,"[{'factor': 'itk', 'modality': 'treated'}]","[{'observationDbId': '3310569', 'observationVariableDbId': 'CO_321:1000217', 'observationVariableName': 'r', 'observationTimeStamp': None, 'season': '2000', 'value': '99,1'}, {'observationDbId': '3310566', 'observationVariableDbId': 'CO_321:1000074', 'observationVariableName': 'rdt', 'observationTimeStamp': None, 'season': '2000', 'value': '93,8'}, {'observationDbId': '3310567', 'observationVariableDbId': 'CO_321:1000218', 'observationVariableName': 'ht', 'observationTimeStamp': None, 'season': '2000', 'value': '85'}, {'observationDbId': '3310568', 'observationVariableDbId': 'CO_321:1000219', 'observationVariableName': 'prec', 'observationTimeStamp': None, 'season': '2000', 'value': '137'}, {'observationDbId': '3310570', 'observationVariableDbId': 'CO_321:1000070', 'observationVariableName': 'prot', 'observationTimeStamp': None, 'season': '2000', 'value': '12,3'}]"
64,2,2764980,BTH_Clermont-Ferrand_2000_SetB2,49567,gnpis_pui:holding-921_taxon-4898_accession-49567,EM00009,BTH_Clermont-Ferrand_2000_SetB2,REPLICATION,2,,,,,,REPLICATION:2,"[{'factor': 'itk', 'modality': 'treated'}]","[{'observationDbId': '3310482', 'observationVariableDbId': 'CO_321:1000074', 'observationVariableName': 'rdt', 'observationTimeStamp': None, 'season': '2000', 'value': '92,9'}]"
65,1,2764979,BTH_Clermont-Ferrand_2000_SetB2,49567,gnpis_pui:holding-921_taxon-4898_accession-49567,EM00009,BTH_Clermont-Ferrand_2000_SetB2,REPLICATION,1,,,,,,REPLICATION:1,"[{'factor': 'itk', 'modality': 'treated'}]","[{'observationDbId': '3310481', 'observationVariableDbId': 'CO_321:1000074', 'observationVariableName': 'rdt', 'observationTimeStamp': None, 'season': '2000', 'value': '94,6'}]"
66,2,2764976,BTH_Clermont-Ferrand_2000_SetB2,48961,gnpis_pui:holding-921_taxon-4898_accession-48961,CF99175,BTH_Clermont-Ferrand_2000_SetB2,REPLICATION,2,,,,,,REPLICATION:2,"[{'factor': 'itk', 'modality': 'treated'}]","[{'observationDbId': '3310478', 'observationVariableDbId': 'CO_321:1000074', 'observationVariableName': 'rdt', 'observationTimeStamp': None, 'season': '2000', 'value': '92,6'}]"
67,CF99175itkt,2765050,BTH_Clermont-Ferrand_2000_SetB2,48961,gnpis_pui:holding-921_taxon-4898_accession-48961,CF99175,BTH_Clermont-Ferrand_2000_SetB2,VIRTUAL_TRIAL,,,,,,,,"[{'factor': 'itk', 'modality': 'treated'}]","[{'observationDbId': '3310556', 'observationVariableDbId': 'CO_321:1000217', 'observationVariableName': 'r', 'observationTimeStamp': None, 'season': '2000', 'value': '94,1'}, {'observationDbId': '3310560', 'observationVariableDbId': 'CO_321:1000074', 'observationVariableName': 'rdt', 'observationTimeStamp': None, 'season': '2000', 'value': '89,1'}, {'observationDbId': '3310558', 'observationVariableDbId': 'CO_321:1000218', 'observationVariableName': 'ht', 'observationTimeStamp': None, 'season': '2000', 'value': '100'}, {'observationDbId': '3310557', 'observationVariableDbId': 'CO_321:1000219', 'observationVariableName': 'prec', 'observationTimeStamp': None, 'season': '2000', 'value': '142'}, {'observationDbId': '3310559', 'observationVariableDbId': 'CO_321:1000070', 'observationVariableName': 'prot', 'observationTimeStamp': None, 'season': '2000', 'value': '11,3'}]"
68,1,2764975,BTH_Clermont-Ferrand_2000_SetB2,48961,gnpis_pui:holding-921_taxon-4898_accession-48961,CF99175,BTH_Clermont-Ferrand_2000_SetB2,REPLICATION,1,,,,,,REPLICATION:1,"[{'factor': 'itk', 'modality': 'treated'}]","[{'observationDbId': '3310477', 'observationVariableDbId': 'CO_321:1000074', 'observationVariableName': 'rdt', 'observationTimeStamp': None, 'season': '2000', 'value': '85,5'}]"
69,1,2765041,BTH_Clermont-Ferrand_2000_SetB2,24328,https://doi.org/10.15454/ZRMNO2,SOISSONS,BTH_Clermont-Ferrand_2000_SetB2,REPLICATION,1,,,,,,REPLICATION:1,"[{'factor': 'itk', 'modality': 'treated'}]","[{'observationDbId': '3310543', 'observationVariableDbId': 'CO_321:1000074', 'observationVariableName': 'rdt', 'observationTimeStamp': None, 'season': '2000', 'value': '92,5'}]"
70,Soissonsitkt,2765083,BTH_Clermont-Ferrand_2000_SetB2,24328,https://doi.org/10.15454/ZRMNO2,SOISSONS,BTH_Clermont-Ferrand_2000_SetB2,VIRTUAL_TRIAL,,,,,,,,"[{'factor': 'itk', 'modality': 'treated'}]","[{'observationDbId': '3310725', 'observationVariableDbId': 'CO_321:1000217', 'observationVariableName': 'r', 'observationTimeStamp': None, 'season': '2000', 'value': '99,4'}, {'observationDbId': '3310721', 'observationVariableDbId': 'CO_321:1000074', 'observationVariableName': 'rdt', 'observationTimeStamp': None, 'season': '2000', 'value': '94'}, {'observationDbId': '3310723', 'observationVariableDbId': 'CO_321:1000218', 'observationVariableName': 'ht', 'observationTimeStamp': None, 'season': '2000', 'value': '95'}, {'observationDbId': '3310724', 'observationVariableDbId': 'CO_321:1000219', 'observationVariableName': 'prec', 'observationTimeStamp': None, 'season': '2000', 'value': '136'}, {'observationDbId': '3310722', 'observationVariableDbId': 'CO_321:1000070', 'observationVariableName': 'prot', 'observationTimeStamp': None, 'season': '2000', 'value': '12,8'}]"
71,2,2765042,BTH_Clermont-Ferrand_2000_SetB2,24328,https://doi.org/10.15454/ZRMNO2,SOISSONS,BTH_Clermont-Ferrand_2000_SetB2,REPLICATION,2,,,,,,REPLICATION:2,"[{'factor': 'itk', 'modality': 'treated'}]","[{'observationDbId': '3310544', 'observationVariableDbId': 'CO_321:1000074', 'observationVariableName': 'rdt', 'observationTimeStamp': None, 'season': '2000', 'value': '95,5'}]"
72,2,2765024,BTH_Clermont-Ferrand_2000_SetB2,25585,https://doi.org/10.15454/YZZGYB,ISENGRAIN,BTH_Clermont-Ferrand_2000_SetB2,REPLICATION,2,,,,,,REPLICATION:2,"[{'factor': 'itk', 'modality': 'treated'}]","[{'observationDbId': '3310526', 'observationVariableDbId': 'CO_321:1000074', 'observationVariableName': 'rdt', 'observationTimeStamp': None, 'season': '2000', 'value': '103,7'}]"
73,1,2765023,BTH_Clermont-Ferrand_2000_SetB2,25585,https://doi.org/10.15454/YZZGYB,ISENGRAIN,BTH_Clermont-Ferrand_2000_SetB2,REPLICATION,1,,,,,,REPLICATION:1,"[{'factor': 'itk', 'modality': 'treated'}]","[{'observationDbId': '3310525', 'observationVariableDbId': 'CO_321:1000074', 'observationVariableName': 'rdt', 'observationTimeStamp': None, 'season': '2000', 'value': '100,8'}]"
74,Isengrainitkt,2765074,BTH_Clermont-Ferrand_2000_SetB2,25585,https://doi.org/10.15454/YZZGYB,ISENGRAIN,BTH_Clermont-Ferrand_2000_SetB2,VIRTUAL_TRIAL,,,,,,,,"[{'factor': 'itk', 'modality': 'treated'}]","[{'observationDbId': '3310680', 'observationVariableDbId': 'CO_321:1000217', 'observationVariableName': 'r', 'observationTimeStamp': None, 'season': '2000', 'value': '108,1'}, {'observationDbId': '3310676', 'observationVariableDbId': 'CO_321:1000074', 'observationVariableName': 'rdt', 'observationTimeStamp': None, 'season': '2000', 'value': '102,3'}, {'observationDbId': '3310678', 'observationVariableDbId': 'CO_321:1000218', 'observationVariableName': 'ht', 'observationTimeStamp': None, 'season': '2000', 'value': '95'}, {'observationDbId': '3310679', 'observationVariableDbId': 'CO_321:1000219', 'observationVariableName': 'prec', 'observationTimeStamp': None, 'season': '2000', 'value': '137'}, {'observationDbId': '3310677', 'observationVariableDbId': 'CO_321:1000070', 'observationVariableName': 'prot', 'observationTimeStamp': None, 'season': '2000', 'value': '11,8'}]"
75,1,2764997,BTH_Clermont-Ferrand_2000_SetB2,26868,https://doi.org/10.15454/NP8MBD,RE00009,BTH_Clermont-Ferrand_2000_SetB2,REPLICATION,1,,,,,,REPLICATION:1,"[{'factor': 'itk', 'modality': 'treated'}]","[{'observationDbId': '3310499', 'observationVariableDbId': 'CO_321:1000074', 'observationVariableName': 'rdt', 'observationTimeStamp': None, 'season': '2000', 'value': '87'}]"
76,RE00009itkt,2765061,BTH_Clermont-Ferrand_2000_SetB2,26868,https://doi.org/10.15454/NP8MBD,RE00009,BTH_Clermont-Ferrand_2000_SetB2,VIRTUAL_TRIAL,,,,,,,,"[{'factor': 'itk', 'modality': 'treated'}]","[{'observationDbId': '3310615', 'observationVariableDbId': 'CO_321:1000217', 'observationVariableName': 'r', 'observationTimeStamp': None, 'season': '2000', 'value': '89,8'}, {'observationDbId': '3310611', 'observationVariableDbId': 'CO_321:1000074', 'observationVariableName': 'rdt', 'observationTimeStamp': None, 'season': '2000', 'value': '85'}, {'observationDbId': '3310613', 'observationVariableDbId': 'CO_321:1000218', 'observationVariableName': 'ht', 'observationTimeStamp': None, 'season': '2000', 'value': '90'}, {'observationDbId': '3310614', 'observationVariableDbId': 'CO_321:1000219', 'observationVariableName': 'prec', 'observationTimeStamp': None, 'season': '2000', 'value': '139'}, {'observationDbId': '3310612', 'observationVariableDbId': 'CO_321:1000070', 'observationVariableName': 'prot', 'observationTimeStamp': None, 'season': '2000', 'value': '14,7'}]"
77,2,2764998,BTH_Clermont-Ferrand_2000_SetB2,26868,https://doi.org/10.15454/NP8MBD,RE00009,BTH_Clermont-Ferrand_2000_SetB2,REPLICATION,2,,,,,,REPLICATION:2,"[{'factor': 'itk', 'modality': 'treated'}]","[{'observationDbId': '3310500', 'observationVariableDbId': 'CO_321:1000074', 'observationVariableName': 'rdt', 'observationTimeStamp': None, 'season': '2000', 'value': '82,9'}]"
78,2,2764996,BTH_Clermont-Ferrand_2000_SetB2,26867,https://doi.org/10.15454/PZEUL6,RE00008,BTH_Clermont-Ferrand_2000_SetB2,REPLICATION,2,,,,,,REPLICATION:2,"[{'factor': 'itk', 'modality': 'treated'}]","[{'observationDbId': '3310498', 'observationVariableDbId': 'CO_321:1000074', 'observationVariableName': 'rdt', 'observationTimeStamp': None, 'season': '2000', 'value': '94,6'}]"
79,1,2764995,BTH_Clermont-Ferrand_2000_SetB2,26867,https://doi.org/10.15454/PZEUL6,RE00008,BTH_Clermont-Ferrand_2000_SetB2,REPLICATION,1,,,,,,REPLICATION:1,"[{'factor': 'itk', 'modality': 'treated'}]","[{'observationDbId': '3310497', 'observationVariableDbId': 'CO_321:1000074', 'observationVariableName': 'rdt', 'observationTimeStamp': None, 'season': '2000', 'value': '82,8'}]"
80,RE00008itkt,2765060,BTH_Clermont-Ferrand_2000_SetB2,26867,https://doi.org/10.15454/PZEUL6,RE00008,BTH_Clermont-Ferrand_2000_SetB2,VIRTUAL_TRIAL,,,,,,,,"[{'factor': 'itk', 'modality': 'treated'}]","[{'observationDbId': '3310609', 'observationVariableDbId': 'CO_321:1000217', 'observationVariableName': 'r', 'observationTimeStamp': None, 'season': '2000', 'value': '93,7'}, {'observationDbId': '3310610', 'observationVariableDbId': 'CO_321:1000074', 'observationVariableName': 'rdt', 'observationTimeStamp': None, 'season': '2000', 'value': '88,7'}, {'observationDbId': '3310608', 'observationVariableDbId': 'CO_321:1000218', 'observationVariableName': 'ht', 'observationTimeStamp': None, 'season': '2000', 'value': '95'}, {'observationDbId': '3310606', 'observationVariableDbId': 'CO_321:1000219', 'observationVariableName': 'prec', 'observationTimeStamp': None, 'season': '2000', 'value': '140'}, {'observationDbId': '3310607', 'observationVariableDbId': 'CO_321:1000070', 'observationVariableName': 'prot', 'observationTimeStamp': None, 'season': '2000', 'value': '13,5'}]"
81,2,2765006,BTH_Clermont-Ferrand_2000_SetB2,49391,gnpis_pui:holding-921_taxon-4898_accession-49391,DI00013,BTH_Clermont-Ferrand_2000_SetB2,REPLICATION,2,,,,,,REPLICATION:2,"[{'factor': 'itk', 'modality': 'treated'}]","[{'observationDbId': '3310508', 'observationVariableDbId': 'CO_321:1000074', 'observationVariableName': 'rdt', 'observationTimeStamp': None, 'season': '2000', 'value': '89,5'}]"
82,1,2765005,BTH_Clermont-Ferrand_2000_SetB2,49391,gnpis_pui:holding-921_taxon-4898_accession-49391,DI00013,BTH_Clermont-Ferrand_2000_SetB2,REPLICATION,1,,,,,,REPLICATION:1,"[{'factor': 'itk', 'modality': 'treated'}]","[{'observationDbId': '3310507', 'observationVariableDbId': 'CO_321:1000074', 'observationVariableName': 'rdt', 'observationTimeStamp': None, 'season': '2000', 'value': '77,2'}]"
83,DI00013itkt,2765065,BTH_Clermont-Ferrand_2000_SetB2,49391,gnpis_pui:holding-921_taxon-4898_accession-49391,DI00013,BTH_Clermont-Ferrand_2000_SetB2,VIRTUAL_TRIAL,,,,,,,,"[{'factor': 'itk', 'modality': 'treated'}]","[{'observationDbId': '3310632', 'observationVariableDbId': 'CO_321:1000217', 'observationVariableName': 'r', 'observationTimeStamp': None, 'season': '2000', 'value': '88,1'}, {'observationDbId': '3310631', 'observationVariableDbId': 'CO_321:1000074', 'observationVariableName': 'rdt', 'observationTimeStamp': None, 'season': '2000', 'value': '83,3'}, {'observationDbId': '3310634', 'observationVariableDbId': 'CO_321:1000218', 'observationVariableName': 'ht', 'observationTimeStamp': None, 'season': '2000', 'value': '100'}, {'observationDbId': '3310633', 'observationVariableDbId': 'CO_321:1000219', 'observationVariableName': 'prec', 'observationTimeStamp': None, 'season': '2000', 'value': '138'}, {'observationDbId': '3310635', 'observationVariableDbId': 'CO_321:1000070', 'observationVariableName': 'prot', 'observationTimeStamp': None, 'season': '2000', 'value': '11,8'}]"
84,RE99107itkt,2765085,BTH_Clermont-Ferrand_2000_SetB2,48500,gnpis_pui:holding-921_taxon-4898_accession-48500,RE99107,BTH_Clermont-Ferrand_2000_SetB2,VIRTUAL_TRIAL,,,,,,,,"[{'factor': 'itk', 'modality': 'treated'}]","[{'observationDbId': '3310735', 'observationVariableDbId': 'CO_321:1000217', 'observationVariableName': 'r', 'observationTimeStamp': None, 'season': '2000', 'value': '93,5'}, {'observationDbId': '3310731', 'observationVariableDbId': 'CO_321:1000074', 'observationVariableName': 'rdt', 'observationTimeStamp': None, 'season': '2000', 'value': '88,4'}, {'observationDbId': '3310733', 'observationVariableDbId': 'CO_321:1000218', 'observationVariableName': 'ht', 'observationTimeStamp': None, 'season': '2000', 'value': '85'}, {'observationDbId': '3310734', 'observationVariableDbId': 'CO_321:1000219', 'observationVariableName': 'prec', 'observationTimeStamp': None, 'season': '2000', 'value': '140'}, {'observationDbId': '3310732', 'observationVariableDbId': 'CO_321:1000070', 'observationVariableName': 'prot', 'observationTimeStamp': None, 'season': '2000', 'value': '11,4'}]"
85,2,2765046,BTH_Clermont-Ferrand_2000_SetB2,48500,gnpis_pui:holding-921_taxon-4898_accession-48500,RE99107,BTH_Clermont-Ferrand_2000_SetB2,REPLICATION,2,,,,,,REPLICATION:2,"[{'factor': 'itk', 'modality': 'treated'}]","[{'observationDbId': '3310548', 'observationVariableDbId': 'CO_321:1000074', 'observationVariableName': 'rdt', 'observationTimeStamp': None, 'season': '2000', 'value': '91,2'}]"
86,1,2765045,BTH_Clermont-Ferrand_2000_SetB2,48500,gnpis_pui:holding-921_taxon-4898_accession-48500,RE99107,BTH_Clermont-Ferrand_2000_SetB2,REPLICATION,1,,,,,,REPLICATION:1,"[{'factor': 'itk', 'modality': 'treated'}]","[{'observationDbId': '3310547', 'observationVariableDbId': 'CO_321:1000074', 'observationVariableName': 'rdt', 'observationTimeStamp': None, 'season': '2000', 'value': '85,6'}]"
87,2,2765048,BTH_Clermont-Ferrand_2000_SetB2,49070,gnpis_pui:holding-921_taxon-4898_accession-49070,CF99087,BTH_Clermont-Ferrand_2000_SetB2,REPLICATION,2,,,,,,REPLICATION:2,"[{'factor': 'itk', 'modality': 'treated'}]","[{'observationDbId': '3310550', 'observationVariableDbId': 'CO_321:1000074', 'observationVariableName': 'rdt', 'observationTimeStamp': None, 'season': '2000', 'value': '93,2'}]"
88,CF99087itkt,2765086,BTH_Clermont-Ferrand_2000_SetB2,49070,gnpis_pui:holding-921_taxon-4898_accession-49070,CF99087,BTH_Clermont-Ferrand_2000_SetB2,VIRTUAL_TRIAL,,,,,,,,"[{'factor': 'itk', 'modality': 'treated'}]","[{'observationDbId': '3310739', 'observationVariableDbId': 'CO_321:1000217', 'observationVariableName': 'r', 'observationTimeStamp': None, 'season': '2000', 'value': '96,7'}, {'observationDbId': '3310736', 'observationVariableDbId': 'CO_321:1000074', 'observationVariableName': 'rdt', 'observationTimeStamp': None, 'season': '2000', 'value': '91,4'}, {'observationDbId': '3310737', 'observationVariableDbId': 'CO_321:1000218', 'observationVariableName': 'ht', 'observationTimeStamp': None, 'season': '2000', 'value': '90'}, {'observationDbId': '3310738', 'observationVariableDbId': 'CO_321:1000219', 'observationVariableName': 'prec', 'observationTimeStamp': None, 'season': '2000', 'value': '141'}, {'observationDbId': '3310740', 'observationVariableDbId': 'CO_321:1000070', 'observationVariableName': 'prot', 'observationTimeStamp': None, 'season': '2000', 'value': '13,6'}]"
89,1,2765047,BTH_Clermont-Ferrand_2000_SetB2,49070,gnpis_pui:holding-921_taxon-4898_accession-49070,CF99087,BTH_Clermont-Ferrand_2000_SetB2,REPLICATION,1,,,,,,REPLICATION:1,"[{'factor': 'itk', 'modality': 'treated'}]","[{'observationDbId': '3310549', 'observationVariableDbId': 'CO_321:1000074', 'observationVariableName': 'rdt', 'observationTimeStamp': None, 'season': '2000', 'value': '89,7'}]"
90,2,2765040,BTH_Clermont-Ferrand_2000_SetB2,49192,gnpis_pui:holding-921_taxon-4898_accession-49192,CF99106,BTH_Clermont-Ferrand_2000_SetB2,REPLICATION,2,,,,,,REPLICATION:2,"[{'factor': 'itk', 'modality': 'treated'}]","[{'observationDbId': '3310542', 'observationVariableDbId': 'CO_321:1000074', 'observationVariableName': 'rdt', 'observationTimeStamp': None, 'season': '2000', 'value': '94'}]"
91,CF99106itkt,2765082,BTH_Clermont-Ferrand_2000_SetB2,49192,gnpis_pui:holding-921_taxon-4898_accession-49192,CF99106,BTH_Clermont-Ferrand_2000_SetB2,VIRTUAL_TRIAL,,,,,,,,"[{'factor': 'itk', 'modality': 'treated'}]","[{'observationDbId': '3310718', 'observationVariableDbId': 'CO_321:1000217', 'observationVariableName': 'r', 'observationTimeStamp': None, 'season': '2000', 'value': '102,4'}, {'observationDbId': '3310717', 'observationVariableDbId': 'CO_321:1000074', 'observationVariableName': 'rdt', 'observationTimeStamp': None, 'season': '2000', 'value': '96,9'}, {'observationDbId': '3310720', 'observationVariableDbId': 'CO_321:1000218', 'observationVariableName': 'ht', 'observationTimeStamp': None, 'season': '2000', 'value': '100'}, {'observationDbId': '3310719', 'observationVariableDbId': 'CO_321:1000219', 'observationVariableName': 'prec', 'observationTimeStamp': None, 'season': '2000', 'value': '140'}, {'observationDbId': '3310716', 'observationVariableDbId': 'CO_321:1000070', 'observationVariableName': 'prot', 'observationTimeStamp': None, 'season': '2000', 'value': '11,9'}]"
92,1,2765039,BTH_Clermont-Ferrand_2000_SetB2,49192,gnpis_pui:holding-921_taxon-4898_accession-49192,CF99106,BTH_Clermont-Ferrand_2000_SetB2,REPLICATION,1,,,,,,REPLICATION:1,"[{'factor': 'itk', 'modality': 'treated'}]","[{'observationDbId': '3310541', 'observationVariableDbId': 'CO_321:1000074', 'observationVariableName': 'rdt', 'observationTimeStamp': None, 'season': '2000', 'value': '99,8'}]"
93,DI00018itkt,2765073,BTH_Clermont-Ferrand_2000_SetB2,48991,gnpis_pui:holding-921_taxon-4898_accession-48991,DI00018,BTH_Clermont-Ferrand_2000_SetB2,VIRTUAL_TRIAL,,,,,,,,"[{'factor': 'itk', 'modality': 'treated'}]","[{'observationDbId': '3310672', 'observationVariableDbId': 'CO_321:1000217', 'observationVariableName': 'r', 'observationTimeStamp': None, 'season': '2000', 'value': '100'}, {'observationDbId': '3310671', 'observationVariableDbId': 'CO_321:1000074', 'observationVariableName': 'rdt', 'observationTimeStamp': None, 'season': '2000', 'value': '94,6'}, {'observationDbId': '3310674', 'observationVariableDbId': 'CO_321:1000218', 'observationVariableName': 'ht', 'observationTimeStamp': None, 'season': '2000', 'value': '100'}, {'observationDbId': '3310673', 'observationVariableDbId': 'CO_321:1000219', 'observationVariableName': 'prec', 'observationTimeStamp': None, 'season': '2000', 'value': '142'}, {'observationDbId': '3310675', 'observationVariableDbId': 'CO_321:1000070', 'observationVariableName': 'prot', 'observationTimeStamp': None, 'season': '2000', 'value': '12,9'}]"
94,1,2765021,BTH_Clermont-Ferrand_2000_SetB2,48991,gnpis_pui:holding-921_taxon-4898_accession-48991,DI00018,BTH_Clermont-Ferrand_2000_SetB2,REPLICATION,1,,,,,,REPLICATION:1,"[{'factor': 'itk', 'modality': 'treated'}]","[{'observationDbId': '3310523', 'observationVariableDbId': 'CO_321:1000074', 'observationVariableName': 'rdt', 'observationTimeStamp': None, 'season': '2000', 'value': '92,5'}]"
95,2,2765022,BTH_Clermont-Ferrand_2000_SetB2,48991,gnpis_pui:holding-921_taxon-4898_accession-48991,DI00018,BTH_Clermont-Ferrand_2000_SetB2,REPLICATION,2,,,,,,REPLICATION:2,"[{'factor': 'itk', 'modality': 'treated'}]","[{'observationDbId': '3310524', 'observationVariableDbId': 'CO_321:1000074', 'observationVariableName': 'rdt', 'observationTimeStamp': None, 'season': '2000', 'value': '96,7'}]"
96,1,2765037,BTH_Clermont-Ferrand_2000_SetB2,48998,gnpis_pui:holding-921_taxon-4898_accession-48998,DI00015,BTH_Clermont-Ferrand_2000_SetB2,REPLICATION,1,,,,,,REPLICATION:1,"[{'factor': 'itk', 'modality': 'treated'}]","[{'observationDbId': '3310539', 'observationVariableDbId': 'CO_321:1000074', 'observationVariableName': 'rdt', 'observationTimeStamp': None, 'season': '2000', 'value': '90,3'}]"
97,DI00015itkt,2765081,BTH_Clermont-Ferrand_2000_SetB2,48998,gnpis_pui:holding-921_taxon-4898_accession-48998,DI00015,BTH_Clermont-Ferrand_2000_SetB2,VIRTUAL_TRIAL,,,,,,,,"[{'factor': 'itk', 'modality': 'treated'}]","[{'observationDbId': '3310711', 'observationVariableDbId': 'CO_321:1000217', 'observationVariableName': 'r', 'observationTimeStamp': None, 'season': '2000', 'value': '91,3'}, {'observationDbId': '3310712', 'observationVariableDbId': 'CO_321:1000074', 'observationVariableName': 'rdt', 'observationTimeStamp': None, 'season': '2000', 'value': '86,4'}, {'observationDbId': '3310714', 'observationVariableDbId': 'CO_321:1000218', 'observationVariableName': 'ht', 'observationTimeStamp': None, 'season': '2000', 'value': '90'}, {'observationDbId': '3310713', 'observationVariableDbId': 'CO_321:1000219', 'observationVariableName': 'prec', 'observationTimeStamp': None, 'season': '2000', 'value': '139'}, {'observationDbId': '3310715', 'observationVariableDbId': 'CO_321:1000070', 'observationVariableName': 'prot', 'observationTimeStamp': None, 'season': '2000', 'value': '13,5'}]"
98,2,2765038,BTH_Clermont-Ferrand_2000_SetB2,48998,gnpis_pui:holding-921_taxon-4898_accession-48998,DI00015,BTH_Clermont-Ferrand_2000_SetB2,REPLICATION,2,,,,,,REPLICATION:2,"[{'factor': 'itk', 'modality': 'treated'}]","[{'observationDbId': '3310540', 'observationVariableDbId': 'CO_321:1000074', 'observationVariableName': 'rdt', 'observationTimeStamp': None, 'season': '2000', 'value': '82,5'}]"
99,EM00011itkt,2765071,BTH_Clermont-Ferrand_2000_SetB2,48448,gnpis_pui:holding-921_taxon-4898_accession-48448,EM00011,BTH_Clermont-Ferrand_2000_SetB2,VIRTUAL_TRIAL,,,,,,,,"[{'factor': 'itk', 'modality': 'treated'}]","[{'observationDbId': '3310663', 'observationVariableDbId': 'CO_321:1000217', 'observationVariableName': 'r', 'observationTimeStamp': None, 'season': '2000', 'value': '92,1'}, {'observationDbId': '3310662', 'observationVariableDbId': 'CO_321:1000074', 'observationVariableName': 'rdt', 'observationTimeStamp': None, 'season': '2000', 'value': '87,2'}, {'observationDbId': '3310661', 'observationVariableDbId': 'CO_321:1000218', 'observationVariableName': 'ht', 'observationTimeStamp': None, 'season': '2000', 'value': '95'}, {'observationDbId': '3310664', 'observationVariableDbId': 'CO_321:1000219', 'observationVariableName': 'prec', 'observationTimeStamp': None, 'season': '2000', 'value': '139'}, {'observationDbId': '3310665', 'observationVariableDbId': 'CO_321:1000070', 'observationVariableName': 'prot', 'observationTimeStamp': None, 'season': '2000', 'value': '12,8'}]"
100,1,2765017,BTH_Clermont-Ferrand_2000_SetB2,48448,gnpis_pui:holding-921_taxon-4898_accession-48448,EM00011,BTH_Clermont-Ferrand_2000_SetB2,REPLICATION,1,,,,,,REPLICATION:1,"[{'factor': 'itk', 'modality': 'treated'}]","[{'observationDbId': '3310519', 'observationVariableDbId': 'CO_321:1000074', 'observationVariableName': 'rdt', 'observationTimeStamp': None, 'season': '2000', 'value': '86,7'}]"
101,2,2765018,BTH_Clermont-Ferrand_2000_SetB2,48448,gnpis_pui:holding-921_taxon-4898_accession-48448,EM00011,BTH_Clermont-Ferrand_2000_SetB2,REPLICATION,2,,,,,,REPLICATION:2,"[{'factor': 'itk', 'modality': 'treated'}]","[{'observationDbId': '3310520', 'observationVariableDbId': 'CO_321:1000074', 'observationVariableName': 'rdt', 'observationTimeStamp': None, 'season': '2000', 'value': '87,7'}]"
102,1,2764989,BTH_Clermont-Ferrand_2000_SetB2,49137,gnpis_pui:holding-921_taxon-4898_accession-49137,RE99133,BTH_Clermont-Ferrand_2000_SetB2,REPLICATION,1,,,,,,REPLICATION:1,"[{'factor': 'itk', 'modality': 'treated'}]","[{'observationDbId': '3310491', 'observationVariableDbId': 'CO_321:1000074', 'observationVariableName': 'rdt', 'observationTimeStamp': None, 'season': '2000', 'value': '86,3'}]"
103,RE99133itkt,2765057,BTH_Clermont-Ferrand_2000_SetB2,49137,gnpis_pui:holding-921_taxon-4898_accession-49137,RE99133,BTH_Clermont-Ferrand_2000_SetB2,VIRTUAL_TRIAL,,,,,,,,"[{'factor': 'itk', 'modality': 'treated'}]","[{'observationDbId': '3310595', 'observationVariableDbId': 'CO_321:1000217', 'observationVariableName': 'r', 'observationTimeStamp': None, 'season': '2000', 'value': '91,3'}, {'observationDbId': '3310592', 'observationVariableDbId': 'CO_321:1000074', 'observationVariableName': 'rdt', 'observationTimeStamp': None, 'season': '2000', 'value': '86,4'}, {'observationDbId': '3310593', 'observationVariableDbId': 'CO_321:1000218', 'observationVariableName': 'ht', 'observationTimeStamp': None, 'season': '2000', 'value': '90'}, {'observationDbId': '3310594', 'observationVariableDbId': 'CO_321:1000219', 'observationVariableName': 'prec', 'observationTimeStamp': None, 'season': '2000', 'value': '140'}, {'observationDbId': '3310591', 'observationVariableDbId': 'CO_321:1000070', 'observationVariableName': 'prot', 'observationTimeStamp': None, 'season': '2000', 'value': '11,6'}]"
104,2,2764990,BTH_Clermont-Ferrand_2000_SetB2,49137,gnpis_pui:holding-921_taxon-4898_accession-49137,RE99133,BTH_Clermont-Ferrand_2000_SetB2,REPLICATION,2,,,,,,REPLICATION:2,"[{'factor': 'itk', 'modality': 'treated'}]","[{'observationDbId': '3310492', 'observationVariableDbId': 'CO_321:1000074', 'observationVariableName': 'rdt', 'observationTimeStamp': None, 'season': '2000', 'value': '86,5'}]"
105,EM00012itkt,2765068,BTH_Clermont-Ferrand_2000_SetB2,49139,gnpis_pui:holding-921_taxon-4898_accession-49139,EM00012,BTH_Clermont-Ferrand_2000_SetB2,VIRTUAL_TRIAL,,,,,,,,"[{'factor': 'itk', 'modality': 'treated'}]","[{'observationDbId': '3310646', 'observationVariableDbId': 'CO_321:1000217', 'observationVariableName': 'r', 'observationTimeStamp': None, 'season': '2000', 'value': '97,9'}, {'observationDbId': '3310650', 'observationVariableDbId': 'CO_321:1000074', 'observationVariableName': 'rdt', 'observationTimeStamp': None, 'season': '2000', 'value': '92,6'}, {'observationDbId': '3310649', 'observationVariableDbId': 'CO_321:1000218', 'observationVariableName': 'ht', 'observationTimeStamp': None, 'season': '2000', 'value': '95'}, {'observationDbId': '3310647', 'observationVariableDbId': 'CO_321:1000219', 'observationVariableName': 'prec', 'observationTimeStamp': None, 'season': '2000', 'value': '144'}, {'observationDbId': '3310648', 'observationVariableDbId': 'CO_321:1000070', 'observationVariableName': 'prot', 'observationTimeStamp': None, 'season': '2000', 'value': '13,5'}]"
106,2,2765012,BTH_Clermont-Ferrand_2000_SetB2,49139,gnpis_pui:holding-921_taxon-4898_accession-49139,EM00012,BTH_Clermont-Ferrand_2000_SetB2,REPLICATION,2,,,,,,REPLICATION:2,"[{'factor': 'itk', 'modality': 'treated'}]","[{'observationDbId': '3310514', 'observationVariableDbId': 'CO_321:1000074', 'observationVariableName': 'rdt', 'observationTimeStamp': None, 'season': '2000', 'value': '92,4'}]"
107,1,2765011,BTH_Clermont-Ferrand_2000_SetB2,49139,gnpis_pui:holding-921_taxon-4898_accession-49139,EM00012,BTH_Clermont-Ferrand_2000_SetB2,REPLICATION,1,,,,,,REPLICATION:1,"[{'factor': 'itk', 'modality': 'treated'}]","[{'observationDbId': '3310513', 'observationVariableDbId': 'CO_321:1000074', 'observationVariableName': 'rdt', 'observationTimeStamp': None, 'season': '2000', 'value': '92,9'}]"
108,RE99111itkt,2765058,BTH_Clermont-Ferrand_2000_SetB2,49369,gnpis_pui:holding-921_taxon-4898_accession-49369,RE99111,BTH_Clermont-Ferrand_2000_SetB2,VIRTUAL_TRIAL,,,,,,,,"[{'factor': 'itk', 'modality': 'treated'}]","[{'observationDbId': '3310599', 'observationVariableDbId': 'CO_321:1000217', 'observationVariableName': 'r', 'observationTimeStamp': None, 'season': '2000', 'value': '93,8'}, {'observationDbId': '3310600', 'observationVariableDbId': 'CO_321:1000074', 'observationVariableName': 'rdt', 'observationTimeStamp': None, 'season': '2000', 'value': '88,8'}, {'observationDbId': '3310596', 'observationVariableDbId': 'CO_321:1000218', 'observationVariableName': 'ht', 'observationTimeStamp': None, 'season': '2000', 'value': '80'}, {'observationDbId': '3310598', 'observationVariableDbId': 'CO_321:1000219', 'observationVariableName': 'prec', 'observationTimeStamp': None, 'season': '2000', 'value': '140'}, {'observationDbId': '3310597', 'observationVariableDbId': 'CO_321:1000070', 'observationVariableName': 'prot', 'observationTimeStamp': None, 'season': '2000', 'value': '12,3'}]"
109,1,2764991,BTH_Clermont-Ferrand_2000_SetB2,49369,gnpis_pui:holding-921_taxon-4898_accession-49369,RE99111,BTH_Clermont-Ferrand_2000_SetB2,REPLICATION,1,,,,,,REPLICATION:1,"[{'factor': 'itk', 'modality': 'treated'}]","[{'observationDbId': '3310493', 'observationVariableDbId': 'CO_321:1000074', 'observationVariableName': 'rdt', 'observationTimeStamp': None, 'season': '2000', 'value': '88,4'}]"
110,2,2764992,BTH_Clermont-Ferrand_2000_SetB2,49369,gnpis_pui:holding-921_taxon-4898_accession-49369,RE99111,BTH_Clermont-Ferrand_2000_SetB2,REPLICATION,2,,,,,,REPLICATION:2,"[{'factor': 'itk', 'modality': 'treated'}]","[{'observationDbId': '3310494', 'observationVariableDbId': 'CO_321:1000074', 'observationVariableName': 'rdt', 'observationTimeStamp': None, 'season': '2000', 'value': '89,1'}]"
111,EM00013itkt,2765069,BTH_Clermont-Ferrand_2000_SetB2,48376,gnpis_pui:holding-921_taxon-4898_accession-48376,EM00013,BTH_Clermont-Ferrand_2000_SetB2,VIRTUAL_TRIAL,,,,,,,,"[{'factor': 'itk', 'modality': 'treated'}]","[{'observationDbId': '3310653', 'observationVariableDbId': 'CO_321:1000217', 'observationVariableName': 'r', 'observationTimeStamp': None, 'season': '2000', 'value': '87,6'}, {'observationDbId': '3310652', 'observationVariableDbId': 'CO_321:1000074', 'observationVariableName': 'rdt', 'observationTimeStamp': None, 'season': '2000', 'value': '82,9'}, {'observationDbId': '3310655', 'observationVariableDbId': 'CO_321:1000218', 'observationVariableName': 'ht', 'observationTimeStamp': None, 'season': '2000', 'value': '105'}, {'observationDbId': '3310654', 'observationVariableDbId': 'CO_321:1000219', 'observationVariableName': 'prec', 'observationTimeStamp': None, 'season': '2000', 'value': '137'}, {'observationDbId': '3310651', 'observationVariableDbId': 'CO_321:1000070', 'observationVariableName': 'prot', 'observationTimeStamp': None, 'season': '2000', 'value': '13'}]"
112,2,2765014,BTH_Clermont-Ferrand_2000_SetB2,48376,gnpis_pui:holding-921_taxon-4898_accession-48376,EM00013,BTH_Clermont-Ferrand_2000_SetB2,REPLICATION,2,,,,,,REPLICATION:2,"[{'factor': 'itk', 'modality': 'treated'}]","[{'observationDbId': '3310516', 'observationVariableDbId': 'CO_321:1000074', 'observationVariableName': 'rdt', 'observationTimeStamp': None, 'season': '2000', 'value': '78,1'}]"
113,1,2765013,BTH_Clermont-Ferrand_2000_SetB2,48376,gnpis_pui:holding-921_taxon-4898_accession-48376,EM00013,BTH_Clermont-Ferrand_2000_SetB2,REPLICATION,1,,,,,,REPLICATION:1,"[{'factor': 'itk', 'modality': 'treated'}]","[{'observationDbId': '3310515', 'observationVariableDbId': 'CO_321:1000074', 'observationVariableName': 'rdt', 'observationTimeStamp': None, 'season': '2000', 'value': '87,7'}]"
