observationunitname,observationunitdbid,studydbid,studyname,germplasmdbid,germplasmpui,germplasmname,observationlevel,replicate,block,plot,plant,x,y,observationlevels,season,AwnLength(WIPO:0000273),AwnLength(WIPO:0000273).date,Heading(CO_321:1000036),Heading(CO_321:1000036).date,Height(CO_321:1000218),Height(CO_321:1000218).date,YR-SCORE_%(WIPO:0000280),YR-SCORE_%(WIPO:0000280).date
ww-111,3031606,WW2,Wheat_Winter_KWS,97775,https://doi.org/10.15454/1.514284688310937E12,TRI 10327,VIRTUAL_TRIAL,,,,,22,6,,2015,,,224,2015-06-08T02:00:00Z,153,,20,
ww-476,3031548,WW2,Wheat_Winter_KWS,63070,https://doi.org/10.15454/LQCE0R,CHINESE SPRING,VIRTUAL_TRIAL,,,,,28,13,,2015,,,209,2015-05-24T02:00:00Z,120,,60,
ww-290,3031712,WW2,Wheat_Winter_KWS,22268,https://doi.org/10.15454/3SROVI,114/62,VIRTUAL_TRIAL,,,,,20,4,,2015,A,,216,2015-05-31T02:00:00Z,80,,100,
ww-394,3031711,WW2,Wheat_Winter_KWS,23590,https://doi.org/10.15454/JJN2EK,MOCHO DE ESPIGA BIANCA,VIRTUAL_TRIAL,,,,,20,5,,2015,,,205,2015-05-20T02:00:00Z,125,,100,
ww-065,3031825,WW2,Wheat_Winter_KWS,60704,https://doi.org/10.15454/GLFQ8J,JANETSKIS PROBAT,VIRTUAL_TRIAL,,,,,26,1,,2015,,,220,2015-06-04T02:00:00Z,125,,20,
ww-056,3031769,WW2,Wheat_Winter_KWS,48153,https://doi.org/10.15454/IW6V5I,WELFORD,VIRTUAL_TRIAL,,,,,24,23,,2015,,,223,2015-06-07T02:00:00Z,70,,60,
ww-092,3031777,WW2,Wheat_Winter_KWS,48171,https://doi.org/10.15454/KNPKBU,SALINE,VIRTUAL_TRIAL,,,,,24,15,,2015,A,,220,2015-06-04T02:00:00Z,110,,100,
ww-094,3031648,WW2,Wheat_Winter_KWS,48172,https://doi.org/10.15454/KLUTNK,SPERLINGS BUHLENDORFER,VIRTUAL_TRIAL,,,,,17,14,,2015,,,228,2015-06-12T02:00:00Z,134,,80,
ww-095,3031905,WW2,Wheat_Winter_KWS,48173,https://doi.org/10.15454/QIOOSZ,LI-CHO Nr. 3,VIRTUAL_TRIAL,,,,,31,10,,2015,,,219,2015-06-03T02:00:00Z,150,,60,
ww-097,3031502,WW2,Wheat_Winter_KWS,48175,https://doi.org/10.15454/GALBO4,NEWSAR,VIRTUAL_TRIAL,,,,,3,11,,2015,,,212,2015-05-27T02:00:00Z,151,,20,
ww-102,3031625,WW2,Wheat_Winter_KWS,48176,https://doi.org/10.15454/HB3SOT,CAPRIMUS,VIRTUAL_TRIAL,,,,,16,17,,2015,,,226,2015-06-10T02:00:00Z,91,,40,
ww-108,3031696,WW2,Wheat_Winter_KWS,48180,https://doi.org/10.15454/WRZQWJ,SMOGGER,VIRTUAL_TRIAL,,,,,20,22,,2015,,,229,2015-06-13T02:00:00Z,158,,10,
ww-110,3031885,WW2,Wheat_Winter_KWS,48182,https://doi.org/10.15454/ZRFBBR,TRI 4608,VIRTUAL_TRIAL,,,,,30,14,,2015,,,231,2015-06-15T02:00:00Z,90,,90,
ww-112,3031910,WW2,Wheat_Winter_KWS,48183,https://doi.org/10.15454/FXFCQH,TRI 14906,VIRTUAL_TRIAL,,,,,31,15,,2015,,,228,2015-06-12T02:00:00Z,133,,0,
ww-113,3031852,WW2,Wheat_Winter_KWS,48336,https://doi.org/10.15454/3Q0HLJ,JACOB CATS,VIRTUAL_TRIAL,,,,,28,12,,2015,,,228,2015-06-12T02:00:00Z,148,,0,
ww-114,3031585,WW2,Wheat_Winter_KWS,48337,https://doi.org/10.15454/JYWRDE,GRIECHISCHER WEIZEN,VIRTUAL_TRIAL,,,,,23,15,,2015,A,,226,2015-06-10T02:00:00Z,139,,70,
ww-134,3031877,WW2,Wheat_Winter_KWS,48199,https://doi.org/10.15454/9PWTTB,MADIF 20,VIRTUAL_TRIAL,,,,,29,24,,2015,,,209,2015-05-24T02:00:00Z,87,,80,
ww-143,3031599,WW2,Wheat_Winter_KWS,48205,https://doi.org/10.15454/GMULSW,MACKOVIKO VAHLADKA,VIRTUAL_TRIAL,,,,,23,24,,2015,,,223,2015-06-07T02:00:00Z,148,,20,
ww-144,3031455,WW2,Wheat_Winter_KWS,48206,https://doi.org/10.15454/5WMSZR,KUJAWISCHER WEIZEN,VIRTUAL_TRIAL,,,,,1,11,,2015,A,,221,2015-06-05T02:00:00Z,130,,90,
ww-145,3031733,WW2,Wheat_Winter_KWS,48207,https://doi.org/10.15454/TZAUZD,ZDZISLAWKA,VIRTUAL_TRIAL,,,,,21,22,,2015,,,231,2015-06-15T02:00:00Z,139,,70,
ww-149,3031888,WW2,Wheat_Winter_KWS,48210,https://doi.org/10.15454/XYLQBW,FLAIR,VIRTUAL_TRIAL,,,,,30,11,,2015,,,220,2015-06-04T02:00:00Z,94,,100,
ww-156,3031597,WW2,Wheat_Winter_KWS,48212,https://doi.org/10.15454/Z1RA3E,TIMBER,VIRTUAL_TRIAL,,,,,17,10,,2015,,,219,2015-06-03T02:00:00Z,73,,10,
ww-255,3031516,WW2,Wheat_Winter_KWS,48319,https://doi.org/10.15454/9VHOKV,ID1331 EP032-3,VIRTUAL_TRIAL,,,,,4,23,,2015,A,,228,2015-06-12T02:00:00Z,115,,0,
ww-128,3031850,WW2,Wheat_Winter_KWS,48195,https://doi.org/10.15454/6YJFER,TRI 593,VIRTUAL_TRIAL,,,,,28,17,,2015,A,,203,2015-05-18T02:00:00Z,128,,70,
ww-129,3031929,WW2,Wheat_Winter_KWS,48196,https://doi.org/10.15454/Z1T6S7,TRI 2309,VIRTUAL_TRIAL,,,,,32,1,,2015,A,,215,2015-05-30T02:00:00Z,121,,90,
ww-130,3031692,WW2,Wheat_Winter_KWS,48197,https://doi.org/10.15454/RYYDXJ,TRI 10807,VIRTUAL_TRIAL,,,,,19,22,,2015,A,,216,2015-05-31T02:00:00Z,140,,100,
ww-138,3031637,WW2,Wheat_Winter_KWS,48200,https://doi.org/10.15454/5K8T2A,TRI 10852,VIRTUAL_TRIAL,,,,,16,3,,2015,A,,204,2015-05-19T02:00:00Z,112,,100,
ww-139,3031828,WW2,Wheat_Winter_KWS,48201,https://doi.org/10.15454/UTGZOA,TRI 10862,VIRTUAL_TRIAL,,,,,27,3,,2015,,,207,2015-05-22T02:00:00Z,124,,100,
ww-140,3031794,WW2,Wheat_Winter_KWS,48202,https://doi.org/10.15454/TZTGIQ,TRI 10886,VIRTUAL_TRIAL,,,,,25,8,,2015,A,,208,2015-05-23T02:00:00Z,125,,70,
ww-188,3031785,WW2,Wheat_Winter_KWS,48225,https://doi.org/10.15454/YKZBWZ,TRI 7843,VIRTUAL_TRIAL,,,,,24,5,,2015,A,,215,2015-05-30T02:00:00Z,142,,80,
ww-197,3031695,WW2,Wheat_Winter_KWS,48232,https://doi.org/10.15454/S7FOMV,TRI 6388,VIRTUAL_TRIAL,,,,,20,23,,2015,A,,212,2015-05-27T02:00:00Z,102,,100,
ww-199,3031763,WW2,Wheat_Winter_KWS,48234,https://doi.org/10.15454/FWLX4K,TRI 6471,VIRTUAL_TRIAL,,,,,23,16,,2015,A,,221,2015-06-05T02:00:00Z,134,,90,
ww-243,3031613,WW2,Wheat_Winter_KWS,48262,https://doi.org/10.15454/F8AKAX,ELS 6304-72,VIRTUAL_TRIAL,,,,,32,24,,2015,A,,214,2015-05-29T02:00:00Z,86,,70,
ww-244,3031913,WW2,Wheat_Winter_KWS,48263,https://doi.org/10.15454/BWQFOP,859,VIRTUAL_TRIAL,,,,,31,19,,2015,A,,231,2015-06-15T02:00:00Z,106,,90,
ww-268,3031859,WW2,Wheat_Winter_KWS,48267,https://doi.org/10.15454/BYGUFU,79TK098-511,VIRTUAL_TRIAL,,,,,28,2,,2015,A,,235,2015-06-19T02:00:00Z,84,,0,
ww-266,3031523,WW2,Wheat_Winter_KWS,48329,https://doi.org/10.15454/LGPSCW,TRI 10324,VIRTUAL_TRIAL,,,,,4,16,,2015,A,,225,2015-06-09T02:00:00Z,108,,40,
ww-330,3031530,WW2,Wheat_Winter_KWS,22074,https://doi.org/10.15454/B0VYLQ,BELLYEI-590,VIRTUAL_TRIAL,,,,,4,9,,2015,A,,215,2015-05-30T02:00:00Z,130,,20,
ww-152,3031786,WW2,Wheat_Winter_KWS,24059,https://doi.org/10.15454/WL6NIE,RECITAL,VIRTUAL_TRIAL,,,,,24,4,,2015,,,209,2015-05-24T02:00:00Z,75,,100,
ww-314,3031684,WW2,Wheat_Winter_KWS,21782,https://doi.org/10.15454/CM7NHY,664-258-18,VIRTUAL_TRIAL,,,,,19,12,,2015,A,,206,2015-05-21T02:00:00Z,81,,90,
ww-395,3031568,WW2,Wheat_Winter_KWS,23631,https://doi.org/10.15454/XS4HF4,MV-MA,VIRTUAL_TRIAL,,,,,19,13,,2015,A,,216,2015-05-31T02:00:00Z,90,,70,
ww-401,3031832,WW2,Wheat_Winter_KWS,23790,https://doi.org/10.15454/KJB0LU,ODESSA EXP.STA.20722,VIRTUAL_TRIAL,,,,,27,7,,2015,A,,209,2015-05-24T02:00:00Z,143,,30,
ww-433,3031542,WW2,Wheat_Winter_KWS,25082,https://doi.org/10.15454/0CAUFB,HOUMANA,VIRTUAL_TRIAL,,,,,32,8,,2015,A,,202,2015-05-17T02:00:00Z,dead,,100,
ww-440,3031602,WW2,Wheat_Winter_KWS,25559,https://doi.org/10.15454/1JXS5T,FRUH WEIZEN,VIRTUAL_TRIAL,,,,,29,4,,2015,,,214,2015-05-29T02:00:00Z,142,,70,
ww-484,3031874,WW2,Wheat_Winter_KWS,23555,https://doi.org/10.15454/R46PWA,MEXIQUE 58,VIRTUAL_TRIAL,,,,,29,20,,2015,A,,204,2015-05-19T02:00:00Z,96,,60,
ww-001,3031872,WW2,Wheat_Winter_KWS,48139,https://doi.org/10.15454/UP7CN3,LEEDS,VIRTUAL_TRIAL,,,,,29,17,,2015,,,222,2015-06-06T02:00:00Z,81,,10,
ww-005,3031847,WW2,Wheat_Winter_KWS,48140,https://doi.org/10.15454/BHYVI3,FORZOR,VIRTUAL_TRIAL,,,,,28,20,,2015,,,217,2015-06-01T02:00:00Z,85,,40,
ww-006,3031788,WW2,Wheat_Winter_KWS,48141,https://doi.org/10.15454/9X4ANP,TOSKANI,VIRTUAL_TRIAL,,,,,24,2,,2015,A,,212,2015-05-27T02:00:00Z,86,,0,
ww-010,3031806,WW2,Wheat_Winter_KWS,48142,https://doi.org/10.15454/C5P8R1,KWS FERRUM,VIRTUAL_TRIAL,,,,,25,23,,2015,,,217,2015-06-01T02:00:00Z,82,,80,
ww-012,3031476,WW2,Wheat_Winter_KWS,25820,https://doi.org/10.15454/7JVGON,DEKAN,VIRTUAL_TRIAL,,,,,2,17,,2015,,,221,2015-06-05T02:00:00Z,92,,70,
ww-013,3031573,WW2,Wheat_Winter_KWS,48143,https://doi.org/10.15454/QPDUJ7,KWS MAGIC,VIRTUAL_TRIAL,,,,,27,14,,2015,,,219,2015-06-03T02:00:00Z,80,,60,
ww-014,3031497,WW2,Wheat_Winter_KWS,48144,https://doi.org/10.15454/6KRVUU,KWS MILANECO,VIRTUAL_TRIAL,,,,,3,6,,2015,A,,219,2015-06-03T02:00:00Z,115,,50,
ww-015,3031907,WW2,Wheat_Winter_KWS,48145,https://doi.org/10.15454/JQN8P6,KW 11116-09,VIRTUAL_TRIAL,,,,,31,12,,2015,,,220,2015-06-04T02:00:00Z,88,,80,
ww-018,3031501,WW2,Wheat_Winter_KWS,48127,https://doi.org/10.15454/PYAODO,KWS CHAMSIN,VIRTUAL_TRIAL,,,,,3,10,,2015,,,211,2015-05-26T02:00:00Z,100,,80,
ww-019,3031753,WW2,Wheat_Winter_KWS,27875,https://doi.org/10.15454/6LY6NQ,BOLOGNA,VIRTUAL_TRIAL,,,,,22,1,,2015,A,,208,2015-05-23T02:00:00Z,79,,0,
ww-016,3031801,WW2,Wheat_Winter_KWS,48154,https://doi.org/10.15454/MQOAYS,TAIFUN,VIRTUAL_TRIAL,,,,,25,17,,2015,,,212,2015-05-27T02:00:00Z,105,,90,
ww-021,3031628,WW2,Wheat_Winter_KWS,48146,https://doi.org/10.15454/2JXR9C,TIEPOLO,VIRTUAL_TRIAL,,,,,16,14,,2015,A,,213,2015-05-28T02:00:00Z,72,,90,
ww-023,3031513,WW2,Wheat_Winter_KWS,48147,https://doi.org/10.15454/TYO8PP,MV-TOBORZO,VIRTUAL_TRIAL,,,,,3,23,,2015,A,,207,2015-05-22T02:00:00Z,88,,100,
ww-032,3031574,WW2,Wheat_Winter_KWS,48133,https://doi.org/10.15454/1NIQY2,CONQUEROR,VIRTUAL_TRIAL,,,,,22,23,,2015,,,217,2015-06-01T02:00:00Z,80,,20,
ww-033,3031616,WW2,Wheat_Winter_KWS,26404,https://doi.org/10.15454/AALVQT,CORDIALE,VIRTUAL_TRIAL,,,,,27,24,,2015,,,215,2015-05-30T02:00:00Z,72,,80,
ww-038,3031783,WW2,Wheat_Winter_KWS,48116,https://doi.org/10.15454/BPYB6B,AKRATOS,VIRTUAL_TRIAL,,,,,24,7,,2015,,,219,2015-06-03T02:00:00Z,,,80,
ww-039,3031609,WW2,Wheat_Winter_KWS,48122,https://doi.org/10.15454/02KFIV,AKTEUR,VIRTUAL_TRIAL,,,,,32,2,,2015,,,223,2015-06-07T02:00:00Z,98,,90,
ww-044,3031857,WW2,Wheat_Winter_KWS,27853,https://doi.org/10.15454/T5GZNC,KALAHARI,VIRTUAL_TRIAL,,,,,28,4,,2015,,,217,2015-06-01T02:00:00Z,100,,10,
ww-045,3031538,WW2,Wheat_Winter_KWS,27863,https://doi.org/10.15454/W1W3UH,ORCAS,VIRTUAL_TRIAL,,,,,32,10,,2015,,,217,2015-06-01T02:00:00Z,85,,90,
ww-046,3031743,WW2,Wheat_Winter_KWS,27865,https://doi.org/10.15454/2C3NNE,PHARE,VIRTUAL_TRIAL,,,,,22,14,,2015,,,221,2015-06-05T02:00:00Z,80,,50,
ww-048,3031742,WW2,Wheat_Winter_KWS,26920,https://doi.org/10.15454/XISJPF,ALCHEMY,VIRTUAL_TRIAL,,,,,22,15,,2015,,,225,2015-06-09T02:00:00Z,85,,0,
ww-055,3031487,WW2,Wheat_Winter_KWS,26063,https://doi.org/10.15454/YA89LO,XI19,VIRTUAL_TRIAL,,,,,7,1,,2015,,,218,2015-06-02T02:00:00Z,89,,80,
ww-063,3031621,WW2,Wheat_Winter_KWS,48124,https://doi.org/10.15454/F3SYW3,METEOR,VIRTUAL_TRIAL,,,,,16,22,,2015,,,220,2015-06-04T02:00:00Z,90,,10,
ww-067,3031774,WW2,Wheat_Winter_KWS,48156,https://doi.org/10.15454/4QZNMI,SIBILLA,VIRTUAL_TRIAL,,,,,24,18,,2015,A,,207,2015-05-22T02:00:00Z,69,,90,
ww-031,3031670,WW2,Wheat_Winter_KWS,48149,https://doi.org/10.15454/TXGOA0,KWS CROFT,VIRTUAL_TRIAL,,,,,18,7,,2015,,,219,2015-06-03T02:00:00Z,82,,5,
ww-035,3031536,WW2,Wheat_Winter_KWS,48150,https://doi.org/10.15454/ISVLFB,GRANARY,VIRTUAL_TRIAL,,,,,17,1,,2015,,,214,2015-05-29T02:00:00Z,92,,80,
ww-036,3031452,WW2,Wheat_Winter_KWS,48151,https://doi.org/10.15454/BHGG23,ACTROS,VIRTUAL_TRIAL,,,,,1,8,,2015,,,221,2015-06-05T02:00:00Z,95,,0,
ww-042,3031557,WW2,Wheat_Winter_KWS,48152,https://doi.org/10.15454/3NXS2Z,GLOBAL,VIRTUAL_TRIAL,,,,,23,3,,2015,,,217,2015-06-01T02:00:00Z,101,,30,
ww-069,3031445,WW2,Wheat_Winter_KWS,48157,https://doi.org/10.15454/HVB5KH,SPADA,VIRTUAL_TRIAL,,,,,1,1,,2015,A,,203,2015-05-18T02:00:00Z,73,,90,
ww-070,3031781,WW2,Wheat_Winter_KWS,48158,https://doi.org/10.15454/QFW1ND,AGADIR,VIRTUAL_TRIAL,,,,,24,10,,2015,A,,211,2015-05-26T02:00:00Z,93,,50,
ww-071,3031784,WW2,Wheat_Winter_KWS,48159,https://doi.org/10.15454/OEMPKK,ARTICO,VIRTUAL_TRIAL,,,,,24,6,,2015,,,209,2015-05-24T02:00:00Z,81,,90,
ww-073,3031923,WW2,Wheat_Winter_KWS,48160,https://doi.org/10.15454/JWFRBY,SAN PASTORE TYPE 2,VIRTUAL_TRIAL,,,,,32,12,,2015,A,,206,2015-05-21T02:00:00Z,60,,100,
ww-076,3031756,WW2,Wheat_Winter_KWS,48161,https://doi.org/10.15454/5GIUKS,TRI 8439,VIRTUAL_TRIAL,,,,,23,5,,2015,A,,199,2015-05-14T02:00:00Z,80,,100,
ww-081,3031691,WW2,Wheat_Winter_KWS,48163,https://doi.org/10.15454/FX7RAV,CHINESISCHER WEIZEN,VIRTUAL_TRIAL,,,,,19,21,,2015,,,227,2015-06-11T02:00:00Z,155,,20,
ww-083,3031640,WW2,Wheat_Winter_KWS,48164,https://doi.org/10.15454/LG8EDC,SHIRASAY IBARAGI 2,VIRTUAL_TRIAL,,,,,17,3,,2015,A,,224,2015-06-08T02:00:00Z,69,,100,
ww-084,3031494,WW2,Wheat_Winter_KWS,48165,https://doi.org/10.15454/9KV8MX,BEJ SZI 3,VIRTUAL_TRIAL,,,,,7,22,,2015,A,,211,2015-05-26T02:00:00Z,124,,30,
ww-085,3031856,WW2,Wheat_Winter_KWS,48166,https://doi.org/10.15454/HDNS6D,EGYPTIAN,VIRTUAL_TRIAL,,,,,28,5,,2015,A,,214,2015-05-29T02:00:00Z,148,,100,
ww-086,3031787,WW2,Wheat_Winter_KWS,48167,https://doi.org/10.15454/MVZITK,DAWSON GOLDEN,VIRTUAL_TRIAL,,,,,24,3,,2015,A,,215,2015-05-30T02:00:00Z,130,,100,
ww-087,3031470,WW2,Wheat_Winter_KWS,48168,https://doi.org/10.15454/QPYJ7W,KARCAGI 1042,VIRTUAL_TRIAL,,,,,2,23,,2015,A,,214,2015-05-29T02:00:00Z,142,,50,
ww-088,3031683,WW2,Wheat_Winter_KWS,48169,https://doi.org/10.15454/MTQ3O5,MINDENES,VIRTUAL_TRIAL,,,,,19,11,,2015,A,,213,2015-05-28T02:00:00Z,152,,70,
ww-115,3031600,WW2,Wheat_Winter_KWS,48335,https://doi.org/10.15454/KGOCQA,SHIREFFS DICKKOPF,VIRTUAL_TRIAL,,,,,26,19,,2015,,,229,2015-06-13T02:00:00Z,139,,20,
ww-117,3031588,WW2,Wheat_Winter_KWS,48185,https://doi.org/10.15454/G4VX5H,HERCUTER WHITE,VIRTUAL_TRIAL,,,,,32,6,,2015,,,230,2015-06-14T02:00:00Z,148,,0,
ww-118,3031478,WW2,Wheat_Winter_KWS,48186,https://doi.org/10.15454/XSZO7X,WIETFELDS FLETTMARER LAND HEIDEFURST,VIRTUAL_TRIAL,,,,,2,15,,2015,,,230,2015-06-14T02:00:00Z,168,,5,
ww-119,3031649,WW2,Wheat_Winter_KWS,48187,https://doi.org/10.15454/FB3VKC,KLIMATINSKAJA,VIRTUAL_TRIAL,,,,,17,15,,2015,,,230,2015-06-14T02:00:00Z,151,,50,
ww-120,3031834,WW2,Wheat_Winter_KWS,48188,https://doi.org/10.15454/GY3O5D,LANDWEIZEN AUS VOEHMA II,VIRTUAL_TRIAL,,,,,27,10,,2015,,,236,2015-06-20T02:00:00Z,158,,20,
ww-163,3031700,WW2,Wheat_Winter_KWS,48120,https://doi.org/10.15454/CGSJRB,FRUMENT,VIRTUAL_TRIAL,,,,,20,18,,2015,,,223,2015-06-07T02:00:00Z,88,,5,
ww-116,3031812,WW2,Wheat_Winter_KWS,48189,https://doi.org/10.15454/PF9ODA,LANDWEIZEN AUS HEIMTAL,VIRTUAL_TRIAL,,,,,26,17,,2015,,,235,2015-06-19T02:00:00Z,148,,40,
ww-121,3031835,WW2,Wheat_Winter_KWS,48189,https://doi.org/10.15454/PF9ODA,LANDWEIZEN AUS HEIMTAL,VIRTUAL_TRIAL,,,,,27,11,,2015,,,235,2015-06-19T02:00:00Z,155,,0,
ww-122,3031626,WW2,Wheat_Winter_KWS,48190,https://doi.org/10.15454/5KJHIO,HAIDENBURGER LANDWEIZEN,VIRTUAL_TRIAL,,,,,16,16,,2015,,,228,2015-06-12T02:00:00Z,152,,60,
ww-123,3031537,WW2,Wheat_Winter_KWS,48191,https://doi.org/10.15454/MVRK2V,KURSAS,VIRTUAL_TRIAL,,,,,32,19,,2015,,,230,2015-06-14T02:00:00Z,168,,60,
ww-131,3031635,WW2,Wheat_Winter_KWS,48198,https://doi.org/10.15454/V4Z5NS,VILLA GLORI,VIRTUAL_TRIAL,,,,,16,6,,2015,,,205,2015-05-20T02:00:00Z,93,,90,
ww-165,3031562,WW2,Wheat_Winter_KWS,48121,https://doi.org/10.15454/C04JJF,HEREFORD,VIRTUAL_TRIAL,,,,,25,18,,2015,,,223,2015-06-07T02:00:00Z,88,,0,
ww-167,3031541,WW2,Wheat_Winter_KWS,26119,https://doi.org/10.15454/ZGJO8K,EPHOROS,VIRTUAL_TRIAL,,,,,25,5,,2015,A,,219,2015-06-03T02:00:00Z,100,,90,
ww-043,3031760,WW2,Wheat_Winter_KWS,48119,https://doi.org/10.15454/PQKQCN,INSPIRATION,VIRTUAL_TRIAL,,,,,23,10,,2015,,,219,2015-06-03T02:00:00Z,91,,70,
ww-169,3031736,WW2,Wheat_Winter_KWS,48119,https://doi.org/10.15454/PQKQCN,INSPIRATION,VIRTUAL_TRIAL,,,,,22,24,,2015,,,221,2015-06-05T02:00:00Z,90,,60,
ww-172,3031481,WW2,Wheat_Winter_KWS,48214,https://doi.org/10.15454/B1ZTL1,YUVAL,VIRTUAL_TRIAL,,,,,2,12,,2015,A,,199,2015-05-14T02:00:00Z,89,,100,
ww-173,3031454,WW2,Wheat_Winter_KWS,48215,https://doi.org/10.15454/ETAVHS,ZAHIR,VIRTUAL_TRIAL,,,,,1,10,,2015,A,,200,2015-05-15T02:00:00Z,87,,90,
ww-174,3031883,WW2,Wheat_Winter_KWS,48216,https://doi.org/10.15454/A0BZHH,BAR NIR,VIRTUAL_TRIAL,,,,,30,16,,2015,A,,203,2015-05-18T02:00:00Z,68,,100,
ww-175,3031838,WW2,Wheat_Winter_KWS,48217,https://doi.org/10.15454/LCEYT4,GEDERA,VIRTUAL_TRIAL,,,,,27,15,,2015,A,,201,2015-05-16T02:00:00Z,78,,100,
ww-176,3031810,WW2,Wheat_Winter_KWS,48218,https://doi.org/10.15454/PDSCRK,RUTA,VIRTUAL_TRIAL,,,,,26,21,,2015,A,,210,2015-05-25T02:00:00Z,84,,90,
ww-177,3031715,WW2,Wheat_Winter_KWS,48219,https://doi.org/10.15454/W4IJND,GALIL,VIRTUAL_TRIAL,,,,,20,1,,2015,A,,206,2015-05-21T02:00:00Z,86,,80,
ww-181,3031746,WW2,Wheat_Winter_KWS,48301,https://doi.org/10.15454/7PVB8B,LxG #105,VIRTUAL_TRIAL,,,,,22,9,,2015,A,,199,2015-05-14T02:00:00Z,93,,100,
ww-182,3031611,WW2,Wheat_Winter_KWS,48302,https://doi.org/10.15454/V80VBG,LxG #154,VIRTUAL_TRIAL,,,,,17,22,,2015,A,,204,2015-05-19T02:00:00Z,dead,,100,
ww-166,3031485,WW2,Wheat_Winter_KWS,48213,https://doi.org/10.15454/NZWMUU,MULAN,VIRTUAL_TRIAL,,,,,2,8,,2015,,,218,2015-06-02T02:00:00Z,104,,30,
ww-183,3031912,WW2,Wheat_Winter_KWS,48220,https://doi.org/10.15454/MSX5H1,TURKMEN-98,VIRTUAL_TRIAL,,,,,31,18,,2015,A,,212,2015-05-27T02:00:00Z,107,,100,
ww-184,3031663,WW2,Wheat_Winter_KWS,48221,https://doi.org/10.15454/EQTINB,ÖZKAN,VIRTUAL_TRIAL,,,,,18,17,,2015,A,,208,2015-05-23T02:00:00Z,90,,90,
ww-185,3031535,WW2,Wheat_Winter_KWS,48222,https://doi.org/10.15454/NLYZKM,BALATTILA,VIRTUAL_TRIAL,,,,,4,3,,2015,A,,204,2015-05-19T02:00:00Z,89,,0,
ww-186,3031718,WW2,Wheat_Winter_KWS,48223,https://doi.org/10.15454/SXPONH,GENC-99,VIRTUAL_TRIAL,,,,,21,3,,2015,A,,199,2015-05-14T02:00:00Z,90,,30,
ww-190,3031473,WW2,Wheat_Winter_KWS,48226,https://doi.org/10.15454/DOIPDM,PEHLIVAN,VIRTUAL_TRIAL,,,,,2,20,,2015,,,215,2015-05-30T02:00:00Z,98,,5,
ww-191,3031826,WW2,Wheat_Winter_KWS,48227,https://doi.org/10.15454/IJDQB8,TOSUNBEY,VIRTUAL_TRIAL,,,,,27,1,,2015,,,207,2015-05-22T02:00:00Z,92,,100,
ww-192,3031882,WW2,Wheat_Winter_KWS,48228,https://doi.org/10.15454/HOG0FE,SERTAK-52,VIRTUAL_TRIAL,,,,,30,17,,2015,A,,209,2015-05-24T02:00:00Z,109,,0,
ww-195,3031802,WW2,Wheat_Winter_KWS,48230,https://doi.org/10.15454/4ZUVRX,SIVAS 111/33,VIRTUAL_TRIAL,,,,,25,19,,2015,A,,216,2015-05-31T02:00:00Z,125,,70,
ww-196,3031636,WW2,Wheat_Winter_KWS,48231,https://doi.org/10.15454/SDFUSA,AKCABUGDAY,VIRTUAL_TRIAL,,,,,16,4,,2015,A,,216,2015-05-31T02:00:00Z,122,,100,
ww-193,3031866,WW2,Wheat_Winter_KWS,48229,https://doi.org/10.15454/FTZ1Z0,KARNOBATER FRÜHREIFER,VIRTUAL_TRIAL,,,,,29,8,,2015,A,,213,2015-05-28T02:00:00Z,145,,10,
ww-198,3031909,WW2,Wheat_Winter_KWS,48233,https://doi.org/10.15454/QL3NZ6,HEVIDI,VIRTUAL_TRIAL,,,,,31,14,,2015,A,,221,2015-06-05T02:00:00Z,105,,10,
ww-201,3031560,WW2,Wheat_Winter_KWS,48236,https://doi.org/10.15454/TV991L,DURNADILI,VIRTUAL_TRIAL,,,,,28,15,,2015,A,,221,2015-06-05T02:00:00Z,119,,60,
ww-202,3031653,WW2,Wheat_Winter_KWS,48237,https://doi.org/10.15454/IKQB2C,BOGACAK,VIRTUAL_TRIAL,,,,,17,19,,2015,A,,216,2015-05-31T02:00:00Z,99,,90,
ww-207,3031551,WW2,Wheat_Winter_KWS,48242,https://doi.org/10.15454/B8JDQK,H996,VIRTUAL_TRIAL,,,,,23,7,,2015,A,,217,2015-06-01T02:00:00Z,88,,100,
ww-208,3031624,WW2,Wheat_Winter_KWS,48243,https://doi.org/10.15454/CRK844,H995,VIRTUAL_TRIAL,,,,,16,18,,2015,A,,220,2015-06-04T02:00:00Z,91,,100,
ww-209,3031482,WW2,Wheat_Winter_KWS,48244,https://doi.org/10.15454/DT8N8M,H1001,VIRTUAL_TRIAL,,,,,2,11,,2015,,,211,2015-05-26T02:00:00Z,114,,100,
ww-210,3031496,WW2,Wheat_Winter_KWS,48245,https://doi.org/10.15454/A8VE7K,VIR16772,VIRTUAL_TRIAL,,,,,3,5,,2015,,,210,2015-05-25T02:00:00Z,81,,30,
ww-211,3031853,WW2,Wheat_Winter_KWS,48246,https://doi.org/10.15454/0ZV6EU,KARMRAAT,VIRTUAL_TRIAL,,,,,28,10,,2015,A,,214,2015-05-29T02:00:00Z,132,,50,
ww-212,3031791,WW2,Wheat_Winter_KWS,48247,https://doi.org/10.15454/VZKXRQ,VIR23728,VIRTUAL_TRIAL,,,,,25,2,,2015,,,211,2015-05-26T02:00:00Z,119,,60,
ww-214,3031855,WW2,Wheat_Winter_KWS,48248,https://doi.org/10.15454/FRRIPL,VIR31594,VIRTUAL_TRIAL,,,,,28,6,,2015,A,,218,2015-06-02T02:00:00Z,137,,0,
ww-215,3031727,WW2,Wheat_Winter_KWS,48303,https://doi.org/10.15454/TETUUR,PASHMAK,VIRTUAL_TRIAL,,,,,21,13,,2015,A,,216,2015-05-31T02:00:00Z,122,,60,
ww-216,3031596,WW2,Wheat_Winter_KWS,48249,https://doi.org/10.15454/CKMZAS,VIR35030,VIRTUAL_TRIAL,,,,,30,22,,2015,A,,217,2015-06-01T02:00:00Z,140,,0,
ww-217,3031552,WW2,Wheat_Winter_KWS,48250,https://doi.org/10.15454/EIOKP1,VIR35539,VIRTUAL_TRIAL,,,,,20,24,,2015,A,,212,2015-05-27T02:00:00Z,129,,10,
ww-222,3031823,WW2,Wheat_Winter_KWS,48251,https://doi.org/10.15454/FRDQ5O,VIR46301,VIRTUAL_TRIAL,,,,,26,4,,2015,,,208,2015-05-23T02:00:00Z,138,,20,
ww-227,3031498,WW2,Wheat_Winter_KWS,48260,https://doi.org/10.15454/4ARYXV,TR 183,VIRTUAL_TRIAL,,,,,3,7,,2015,A,,209,2015-05-24T02:00:00Z,140,,10,
ww-242,3031617,WW2,Wheat_Winter_KWS,48310,https://doi.org/10.15454/SBOEPI,TRI 7258,VIRTUAL_TRIAL,,,,,28,16,,2015,A,,234,2015-06-18T02:00:00Z,115,,0,
ww-245,3031782,WW2,Wheat_Winter_KWS,48325,https://doi.org/10.15454/DE7DDW,DIC169,VIRTUAL_TRIAL,,,,,24,8,,2015,A,,220,2015-06-04T02:00:00Z,65,,60,
ww-278,3031581,WW2,Wheat_Winter_KWS,26978,https://doi.org/10.15454/Z3MNYF,BAROK,VIRTUAL_TRIAL,,,,,25,3,,2015,,,212,2015-05-27T02:00:00Z,81,,30,
ww-284,3031506,WW2,Wheat_Winter_KWS,21903,https://doi.org/10.15454/NOSQED,ANDES-56,VIRTUAL_TRIAL,,,,,3,15,,2015,,,201,2015-05-16T02:00:00Z,111,,90,
ww-286,3031844,WW2,Wheat_Winter_KWS,21944,https://doi.org/10.15454/451GMJ,ARKAS,VIRTUAL_TRIAL,,,,,27,21,,2015,,,214,2015-05-29T02:00:00Z,90,,90,
ww-304,3031686,WW2,Wheat_Winter_KWS,25045,https://doi.org/10.15454/5C1HEY,NAVARRO 150,VIRTUAL_TRIAL,,,,,19,15,,2015,,,213,2015-05-28T02:00:00Z,100,,10,
ww-306,3031906,WW2,Wheat_Winter_KWS,25617,https://doi.org/10.15454/IKN76O,ORFIELD,VIRTUAL_TRIAL,,,,,31,11,,2015,,,221,2015-06-05T02:00:00Z,83,,80,
ww-313,3031489,WW2,Wheat_Winter_KWS,21769,https://doi.org/10.15454/SZ9SBC,60293,VIRTUAL_TRIAL,,,,,2,4,,2015,,,220,2015-06-04T02:00:00Z,119,,40,
ww-318,3031779,WW2,Wheat_Winter_KWS,21865,https://doi.org/10.15454/SZFE57,AIFENG-4,VIRTUAL_TRIAL,,,,,24,13,,2015,A,,201,2015-05-16T02:00:00Z,65,,100,
ww-331,3031920,WW2,Wheat_Winter_KWS,22091,https://doi.org/10.15454/PT4OLY,BERZATACA,VIRTUAL_TRIAL,,,,,32,17,,2015,A,,217,2015-06-01T02:00:00Z,117,,90,
ww-334,3031707,WW2,Wheat_Winter_KWS,22174,https://doi.org/10.15454/KE3YRC,BLONDYNKA,VIRTUAL_TRIAL,,,,,20,9,,2015,A,,226,2015-06-10T02:00:00Z,150,,100,
ww-335,3031644,WW2,Wheat_Winter_KWS,22175,https://doi.org/10.15454/C7V5J6,BLUEBOY,VIRTUAL_TRIAL,,,,,17,8,,2015,,,222,2015-06-06T02:00:00Z,83,,70,
ww-262,3031466,WW2,Wheat_Winter_KWS,48326,https://doi.org/10.15454/ITVRXF,DIC193,VIRTUAL_TRIAL,,,,,1,22,,2015,A,,218,2015-06-02T02:00:00Z,40,,30,
ww-267,3031495,WW2,Wheat_Winter_KWS,48266,https://doi.org/10.15454/W8B6TQ,PI 362071,VIRTUAL_TRIAL,,,,,3,4,,2015,,,229,2015-06-13T02:00:00Z,140,,30,
ww-337,3031500,WW2,Wheat_Winter_KWS,22219,https://doi.org/10.15454/VGX7C2,SOLTANE,VIRTUAL_TRIAL,,,,,7,12,,2015,A,,201,2015-05-16T02:00:00Z,92,,100,
ww-341,3031831,WW2,Wheat_Winter_KWS,22509,https://doi.org/10.15454/N9D2MY,COPPADRA,VIRTUAL_TRIAL,,,,,27,6,,2015,,,214,2015-05-29T02:00:00Z,121,,40,
ww-345,3031903,WW2,Wheat_Winter_KWS,22552,https://doi.org/10.15454/UKWYBA,D130-63,VIRTUAL_TRIAL,,,,,31,8,,2015,,,223,2015-06-07T02:00:00Z,162,,10,
ww-350,3031576,WW2,Wheat_Winter_KWS,22674,https://doi.org/10.15454/LH6GHM,DNEPROVSKAIA,VIRTUAL_TRIAL,,,,,21,21,,2015,,,215,2015-05-30T02:00:00Z,123,,70,
ww-356,3031730,WW2,Wheat_Winter_KWS,22828,https://doi.org/10.15454/V9KYXU,FLAMURA-85,VIRTUAL_TRIAL,,,,,21,17,,2015,A,,211,2015-05-26T02:00:00Z,81,,100,
ww-358,3031527,WW2,Wheat_Winter_KWS,22883,https://doi.org/10.15454/YMS2YE,FUKUHOKOMUGI,VIRTUAL_TRIAL,,,,,4,12,,2015,A,,195,2015-05-10T02:00:00Z,78,,100,
ww-363,3031773,WW2,Wheat_Winter_KWS,22980,https://doi.org/10.15454/R3AHM5,GODOLLOI 15,VIRTUAL_TRIAL,,,,,24,19,,2015,A,,204,2015-05-19T02:00:00Z,129,,100,
ww-378,3031767,WW2,Wheat_Winter_KWS,23299,https://doi.org/10.15454/I4TFJW,KOLBEN 3,VIRTUAL_TRIAL,,,,,23,22,,2015,,,209,2015-05-24T02:00:00Z,138,,80,
ww-382,3031740,WW2,Wheat_Winter_KWS,23391,https://doi.org/10.15454/EGRGJ6,LONTOI,VIRTUAL_TRIAL,,,,,22,19,,2015,A,,215,2015-05-30T02:00:00Z,131,,50,
ww-385,3031846,WW2,Wheat_Winter_KWS,23454,https://doi.org/10.15454/PNWZDT,MALGORZATKA UDYCKA,VIRTUAL_TRIAL,,,,,28,21,,2015,A,,222,2015-06-06T02:00:00Z,135,,50,
ww-387,3031519,WW2,Wheat_Winter_KWS,23515,https://doi.org/10.15454/0E7LF9,MASTER,VIRTUAL_TRIAL,,,,,4,20,,2015,,,221,2015-06-05T02:00:00Z,93,,30,
ww-390,3031879,WW2,Wheat_Winter_KWS,23532,https://doi.org/10.15454/XBRA8Q,MEIRA,VIRTUAL_TRIAL,,,,,30,20,,2015,A,,220,2015-06-04T02:00:00Z,129,,20,
ww-393,3031878,WW2,Wheat_Winter_KWS,23585,https://doi.org/10.15454/VXMACR,MISHRAGANI,VIRTUAL_TRIAL,,,,,30,24,,2015,A,,212,2015-05-27T02:00:00Z,98,,100,
ww-397,3031618,WW2,Wheat_Winter_KWS,23683,https://doi.org/10.15454/TRCEFY,NACHIPUNDO,VIRTUAL_TRIAL,,,,,23,21,,2015,,,214,2015-05-29T02:00:00Z,105,,0,
ww-399,3031633,WW2,Wheat_Winter_KWS,23782,https://doi.org/10.15454/4XWKIT,NZ(81)P43,VIRTUAL_TRIAL,,,,,16,8,,2015,A,,208,2015-05-23T02:00:00Z,93,,70,
ww-400,3031448,WW2,Wheat_Winter_KWS,23785,https://doi.org/10.15454/DI8YMW,ODESSA EXP.STA.17413,VIRTUAL_TRIAL,,,,,1,4,,2015,A,,205,2015-05-20T02:00:00Z,130,,100,
ww-402,3031799,WW2,Wheat_Winter_KWS,23791,https://doi.org/10.15454/EW1I0E,ODESSA EXP.STA.21821,VIRTUAL_TRIAL,,,,,25,14,,2015,A,,212,2015-05-27T02:00:00Z,129,,50,
ww-406,3031732,WW2,Wheat_Winter_KWS,23824,https://doi.org/10.15454/TNEWE9,ORLANDI,VIRTUAL_TRIAL,,,,,21,20,,2015,,,214,2015-05-29T02:00:00Z,65,,10,
ww-432,3031554,WW2,Wheat_Winter_KWS,25066,https://doi.org/10.15454/82WZJV,SANUNU,VIRTUAL_TRIAL,,,,,19,20,,2015,A,,210,2015-05-25T02:00:00Z,91,,100,
ww-477,3031567,WW2,Wheat_Winter_KWS,22079,https://doi.org/10.15454/IM7BXJ,BENCHUNG,VIRTUAL_TRIAL,,,,,17,7,,2015,,,209,2015-05-24T02:00:00Z,108,,90,
ww-479,3031510,WW2,Wheat_Winter_KWS,22450,https://doi.org/10.15454/EJYFYD,CHIRKUNG,VIRTUAL_TRIAL,,,,,9,2,,2015,A,,208,2015-05-23T02:00:00Z,122,,90,
ww-480,3031839,WW2,Wheat_Winter_KWS,22464,https://doi.org/10.15454/NRCMSV,CHYAMTANG,VIRTUAL_TRIAL,,,,,27,16,,2015,,,210,2015-05-25T02:00:00Z,120,,20,
ww-481,3031544,WW2,Wheat_Winter_KWS,22881,https://doi.org/10.15454/HNDHIN,FRONTHATCH,VIRTUAL_TRIAL,,,,,19,1,,2015,,,212,2015-05-27T02:00:00Z,125,,10,
ww-452,3031522,WW2,Wheat_Winter_KWS,26180,https://doi.org/10.15454/APENEV,LANDRACE,VIRTUAL_TRIAL,,,,,5,20,,2015,A,,205,2015-05-20T02:00:00Z,120,,100,
ww-453,3031797,WW2,Wheat_Winter_KWS,26180,https://doi.org/10.15454/APENEV,LANDRACE,VIRTUAL_TRIAL,,,,,25,12,,2015,A,,212,2015-05-27T02:00:00Z,129,,0,
ww-454,3031579,WW2,Wheat_Winter_KWS,26180,https://doi.org/10.15454/APENEV,LANDRACE,VIRTUAL_TRIAL,,,,,18,11,,2015,A,,212,2015-05-27T02:00:00Z,136,,60,
ww-455,3031805,WW2,Wheat_Winter_KWS,26180,https://doi.org/10.15454/APENEV,LANDRACE,VIRTUAL_TRIAL,,,,,25,22,,2015,A,,211,2015-05-26T02:00:00Z,123,,90,
ww-456,3031660,WW2,Wheat_Winter_KWS,26180,https://doi.org/10.15454/APENEV,LANDRACE,VIRTUAL_TRIAL,,,,,18,20,,2015,A,,209,2015-05-24T02:00:00Z,121,,100,
ww-460,3031869,WW2,Wheat_Winter_KWS,26180,https://doi.org/10.15454/APENEV,LANDRACE,VIRTUAL_TRIAL,,,,,29,12,,2015,A,,214,2015-05-29T02:00:00Z,108,,100,
ww-461,3031747,WW2,Wheat_Winter_KWS,26180,https://doi.org/10.15454/APENEV,LANDRACE,VIRTUAL_TRIAL,,,,,22,8,,2015,A,,213,2015-05-28T02:00:00Z,125,,100,
ww-462,3031480,WW2,Wheat_Winter_KWS,26180,https://doi.org/10.15454/APENEV,LANDRACE,VIRTUAL_TRIAL,,,,,2,13,,2015,A,,219,2015-06-03T02:00:00Z,118,,40,
ww-464,3031607,WW2,Wheat_Winter_KWS,26180,https://doi.org/10.15454/APENEV,LANDRACE,VIRTUAL_TRIAL,,,,,22,16,,2015,A,,215,2015-05-30T02:00:00Z,117,,70,
ww-467,3031899,WW2,Wheat_Winter_KWS,26180,https://doi.org/10.15454/APENEV,LANDRACE,VIRTUAL_TRIAL,,,,,31,3,,2015,,,212,2015-05-27T02:00:00Z,130,,100,
ww-472,3031507,WW2,Wheat_Winter_KWS,26180,https://doi.org/10.15454/APENEV,LANDRACE,VIRTUAL_TRIAL,,,,,3,17,,2015,A,,213,2015-05-28T02:00:00Z,138,,50,
ww-473,3031925,WW2,Wheat_Winter_KWS,26180,https://doi.org/10.15454/APENEV,LANDRACE,VIRTUAL_TRIAL,,,,,32,7,,2015,A,,208,2015-05-23T02:00:00Z,133,,100,
ww-474,3031807,WW2,Wheat_Winter_KWS,26180,https://doi.org/10.15454/APENEV,LANDRACE,VIRTUAL_TRIAL,,,,,25,24,,2015,A,,209,2015-05-24T02:00:00Z,129,,90,
ww-488,3031627,WW2,Wheat_Winter_KWS,26180,https://doi.org/10.15454/APENEV,LANDRACE,VIRTUAL_TRIAL,,,,,16,15,,2015,A,,224,2015-06-08T02:00:00Z,110,,100,
ww-489,3031689,WW2,Wheat_Winter_KWS,26180,https://doi.org/10.15454/APENEV,LANDRACE,VIRTUAL_TRIAL,,,,,19,18,,2015,A,,221,2015-06-05T02:00:00Z,122,,100,
ww-490,3031792,WW2,Wheat_Winter_KWS,26180,https://doi.org/10.15454/APENEV,LANDRACE,VIRTUAL_TRIAL,,,,,25,6,,2015,A,,219,2015-06-03T02:00:00Z,121,,50,
ww-492,3031726,WW2,Wheat_Winter_KWS,48304,https://doi.org/10.15454/JD1CH6,FAVORI,VIRTUAL_TRIAL,,,,,21,12,,2015,,,221,2015-06-05T02:00:00Z,142,,60,
ww-494,3031729,WW2,Wheat_Winter_KWS,60703,https://doi.org/10.15454/VTNSKF,DOUCHANI,VIRTUAL_TRIAL,,,,,21,16,,2015,,,220,2015-06-04T02:00:00Z,123,,10,
ww-491,3031813,WW2,Wheat_Winter_KWS,48332,https://doi.org/10.15454/X9OC1Y,RUSSISCHER KORSCHOW 149,VIRTUAL_TRIAL,,,,,26,16,,2015,,,228,2015-06-12T02:00:00Z,155,,5,
ww-496,3031682,WW2,Wheat_Winter_KWS,48283,https://doi.org/10.15454/F7ZGDU,GAHU (NEPALI) OR KYO (SIKKIMESE),VIRTUAL_TRIAL,,,,,19,9,,2015,,,212,2015-05-27T02:00:00Z,132,,80,
ww-508,3031890,WW2,Wheat_Winter_KWS,48283,https://doi.org/10.15454/F7ZGDU,GAHU (NEPALI) OR KYO (SIKKIMESE),VIRTUAL_TRIAL,,,,,30,8,,2015,A,,213,2015-05-28T02:00:00Z,129,,80,
ww-078,3031563,WW2,Wheat_Winter_KWS,48162,https://doi.org/10.15454/XJRSSR,TRI 2416,VIRTUAL_TRIAL,,,,,17,20,,2015,A,,207,2015-05-22T02:00:00Z,107,,100,
ww-104,3031612,WW2,Wheat_Winter_KWS,48177,https://doi.org/10.15454/ZZNRZX,TRI 11693,VIRTUAL_TRIAL,,,,,27,8,,2015,,,224,2015-06-08T02:00:00Z,98,,90,
ww-109,3031822,WW2,Wheat_Winter_KWS,48181,https://doi.org/10.15454/AY6WIL,TRI 11658,VIRTUAL_TRIAL,,,,,26,5,,2015,A,,219,2015-06-03T02:00:00Z,105,,90,
ww-124,3031864,WW2,Wheat_Winter_KWS,48192,https://doi.org/10.15454/3ZGRPY,TRI 98,VIRTUAL_TRIAL,,,,,29,5,,2015,,,235,2015-06-19T02:00:00Z,160,,0,
ww-126,3031486,WW2,Wheat_Winter_KWS,48193,https://doi.org/10.15454/RPSK8P,TRI 1640,VIRTUAL_TRIAL,,,,,2,7,,2015,A,,217,2015-06-01T02:00:00Z,158,,20,
ww-127,3031895,WW2,Wheat_Winter_KWS,48194,https://doi.org/10.15454/GIF8UU,TRI 1763,VIRTUAL_TRIAL,,,,,30,3,,2015,A,,213,2015-05-28T02:00:00Z,154,,40,
ww-200,3031652,WW2,Wheat_Winter_KWS,48235,https://doi.org/10.15454/QEGP5T,MENCEKI,VIRTUAL_TRIAL,,,,,17,18,,2015,A,,217,2015-06-01T02:00:00Z,115,,90,
ww-141,3031614,WW2,Wheat_Winter_KWS,48203,https://doi.org/10.15454/YYWRIY,TRI 10887,VIRTUAL_TRIAL,,,,,24,12,,2015,A,,209,2015-05-24T02:00:00Z,122,,80,
ww-142,3031477,WW2,Wheat_Winter_KWS,48204,https://doi.org/10.15454/DDIYI6,TRI 10959,VIRTUAL_TRIAL,,,,,2,16,,2015,,,221,2015-06-05T02:00:00Z,121,,50,
ww-146,3031704,WW2,Wheat_Winter_KWS,48208,https://doi.org/10.15454/JJXTUE,TRI 3338,VIRTUAL_TRIAL,,,,,20,12,,2015,A,,210,2015-05-25T02:00:00Z,110,,5,
ww-147,3031770,WW2,Wheat_Winter_KWS,48209,https://doi.org/10.15454/XM7ZC8,TRI 12409,VIRTUAL_TRIAL,,,,,24,22,,2015,A,,201,2015-05-16T02:00:00Z,88,,100,
ww-187,3031755,WW2,Wheat_Winter_KWS,48224,https://doi.org/10.15454/8LYTMC,TRI 3342,VIRTUAL_TRIAL,,,,,23,4,,2015,A,,215,2015-05-30T02:00:00Z,120,,20,
ww-493,3031638,WW2,Wheat_Winter_KWS,48270,https://doi.org/10.15454/M8BCJB,WC044,VIRTUAL_TRIAL,,,,,16,1,,2015,,,218,2015-06-02T02:00:00Z,140,,10,
ww-497,3031550,WW2,Wheat_Winter_KWS,48273,https://doi.org/10.15454/POOTZD,DESI,VIRTUAL_TRIAL,,,,,29,16,,2015,,,215,2015-05-30T02:00:00Z,111,,70,
ww-498,3031837,WW2,Wheat_Winter_KWS,48274,https://doi.org/10.15454/YBTSMG,DEVE,VIRTUAL_TRIAL,,,,,27,13,,2015,A,,217,2015-06-01T02:00:00Z,127,,90,
ww-499,3031830,WW2,Wheat_Winter_KWS,48275,https://doi.org/10.15454/JOPF53,WC324,VIRTUAL_TRIAL,,,,,27,5,,2015,A,,222,2015-06-06T02:00:00Z,130,,90,
ww-505,3031526,WW2,Wheat_Winter_KWS,48280,https://doi.org/10.15454/TUP9UT,WC562,VIRTUAL_TRIAL,,,,,23,2,,2015,A,,211,2015-05-26T02:00:00Z,130,,80,
ww-506,3031589,WW2,Wheat_Winter_KWS,48281,https://doi.org/10.15454/58AH84,WC566,VIRTUAL_TRIAL,,,,,25,16,,2015,A,,210,2015-05-25T02:00:00Z,128,,90,
ww-507,3031741,WW2,Wheat_Winter_KWS,48282,https://doi.org/10.15454/UJGP9A,WC637,VIRTUAL_TRIAL,,,,,22,18,,2015,A,,220,2015-06-04T02:00:00Z,139,,40,
ww-463,3031647,WW2,Wheat_Winter_KWS,48305,https://doi.org/10.15454/3GWTAZ,SOOR GHANUM,VIRTUAL_TRIAL,,,,,17,12,,2015,A,,201,2015-05-16T02:00:00Z,90,,100,
ww-501,3031752,WW2,Wheat_Winter_KWS,48305,https://doi.org/10.15454/3GWTAZ,SOOR GHANUM,VIRTUAL_TRIAL,,,,,22,2,,2015,A,,209,2015-05-24T02:00:00Z,105,,100,
ww-293,3031881,WW2,Wheat_Winter_KWS,22594,https://doi.org/10.15454/4RP9D0,DI6402-34-2-4,VIRTUAL_TRIAL,,,,,30,18,,2015,,,224,2015-06-08T02:00:00Z,90,,60,
ww-315,3031622,WW2,Wheat_Winter_KWS,21831,https://doi.org/10.15454/NLCYGS,A.4,VIRTUAL_TRIAL,,,,,16,20,,2015,A,,212,2015-05-27T02:00:00Z,122,,100,
ww-338,3031549,WW2,Wheat_Winter_KWS,22272,https://doi.org/10.15454/R1DWX0,CANDEAL DE AREVALO,VIRTUAL_TRIAL,,,,,19,10,,2015,A,,216,2015-05-31T02:00:00Z,134,,100,
ww-051,3031780,WW2,Wheat_Winter_KWS,23066,https://doi.org/10.15454/J3IHZT,HEREWARD,VIRTUAL_TRIAL,,,,,24,11,,2015,,,220,2015-06-04T02:00:00Z,81,,30,
ww-150,3031656,WW2,Wheat_Winter_KWS,48106,https://doi.org/10.15454/OIZFJ3,RITMO,VIRTUAL_TRIAL,,,,,18,24,,2015,,,224,2015-06-08T02:00:00Z,80,,80,
ww-325,3031714,WW2,Wheat_Winter_KWS,22019,https://doi.org/10.15454/IOBXWE,BAHATANE-87,VIRTUAL_TRIAL,,,,,20,2,,2015,,,212,2015-05-27T02:00:00Z,125,,80,
ww-157,3031571,WW2,Wheat_Winter_KWS,24081,https://doi.org/10.15454/Q6IHBL,RENAN,VIRTUAL_TRIAL,,,,,32,11,,2015,A,,215,2015-05-30T02:00:00Z,95,,20,
ww-349,3031509,WW2,Wheat_Winter_KWS,22666,https://doi.org/10.15454/3J8JFO,DIANA II,VIRTUAL_TRIAL,,,,,3,19,,2015,,,220,2015-06-04T02:00:00Z,115,,60,
ww-311,3031685,WW2,Wheat_Winter_KWS,21694,https://doi.org/10.15454/QEUNWT,2838-39,VIRTUAL_TRIAL,,,,,19,14,,2015,,,213,2015-05-28T02:00:00Z,105,,0,
ww-279,3031634,WW2,Wheat_Winter_KWS,26914,https://doi.org/10.15454/5YB44K,PREMIO,VIRTUAL_TRIAL,,,,,16,7,,2015,A,,213,2015-05-28T02:00:00Z,81,,1,
ww-041,3031790,WW2,Wheat_Winter_KWS,26913,https://doi.org/10.15454/D7GI1K,ALDRIC,VIRTUAL_TRIAL,,,,,25,1,,2015,A,,213,2015-05-28T02:00:00Z,84,,70,
ww-022,3031892,WW2,Wheat_Winter_KWS,27080,https://doi.org/10.15454/25YDFD,ALTAMIRA,VIRTUAL_TRIAL,,,,,30,6,,2015,A,,211,2015-05-26T02:00:00Z,94,,50,
ww-309,3031917,WW2,Wheat_Winter_KWS,27054,https://doi.org/10.15454/T5BVKM,YUMAI-34,VIRTUAL_TRIAL,,,,,32,23,,2015,A,,201,2015-05-16T02:00:00Z,68,,100,
ww-178,3031601,WW2,Wheat_Winter_KWS,48117,https://doi.org/10.15454/E3HPOW,LANGDON,VIRTUAL_TRIAL,,,,,16,5,,2015,A,,219,2015-06-03T02:00:00Z,149,,30,
ww-451,3031561,WW2,Wheat_Winter_KWS,63230,gnpis_pui:holding-921_taxon-4898_accession-63230,HAMAC,VIRTUAL_TRIAL,,,,,31,24,,2015,,,219,2015-06-03T02:00:00Z,79,,0,
ww-154,3031658,WW2,Wheat_Winter_KWS,25612,https://doi.org/10.15454/V8WRHY,APACHE,VIRTUAL_TRIAL,,,,,18,22,,2015,,,214,2015-05-29T02:00:00Z,79,,50,
ww-502,3031586,WW2,Wheat_Winter_KWS,48277,https://doi.org/10.15454/FO1TQI,WC440,VIRTUAL_TRIAL,,,,,16,2,,2015,A,,211,2015-05-26T02:00:00Z,129,,100,
ww-503,3031673,WW2,Wheat_Winter_KWS,48278,https://doi.org/10.15454/IYESON,WC474,VIRTUAL_TRIAL,,,,,18,4,,2015,A,,205,2015-05-20T02:00:00Z,123,,100,
ww-504,3031462,WW2,Wheat_Winter_KWS,48279,https://doi.org/10.15454/Z9S5SX,SURKA OSCISTA,VIRTUAL_TRIAL,,,,,1,18,,2015,A,,219,2015-06-03T02:00:00Z,135,,70,
ww-206,3031720,WW2,Wheat_Winter_KWS,48241,https://doi.org/10.15454/TFUSID,TRI 6669,VIRTUAL_TRIAL,,,,,21,5,,2015,A,,226,2015-06-10T02:00:00Z,98,,100,
ww-321,3031734,WW2,Wheat_Winter_KWS,21926,https://doi.org/10.15454/ITHPRY,ARCHE,VIRTUAL_TRIAL,,,,,21,23,,2015,A,,213,2015-05-28T02:00:00Z,90,,0,
ww-376,3031820,WW2,Wheat_Winter_KWS,23252,https://doi.org/10.15454/ICR80H,KENYA 350,VIRTUAL_TRIAL,,,,,26,8,,2015,,,204,2015-05-19T02:00:00Z,122,,90,
ww-420,3031661,WW2,Wheat_Winter_KWS,24401,https://doi.org/10.15454/VC2JEI,TAFERSTAT,VIRTUAL_TRIAL,,,,,18,19,,2015,A,,203,2015-05-18T02:00:00Z,89,,100,
ww-064,3031662,WW2,Wheat_Winter_KWS,25784,https://doi.org/10.15454/RFXZI8,SARATOVSKAIA 29,VIRTUAL_TRIAL,,,,,18,18,,2015,,,219,2015-06-03T02:00:00Z,135,,70,
ww-457,3031679,WW2,Wheat_Winter_KWS,26170,https://doi.org/10.15454/BHHRUY,PUNJAB TYPE 24,VIRTUAL_TRIAL,,,,,19,6,,2015,A,,204,2015-05-19T02:00:00Z,143,,90,
ww-458,3031870,WW2,Wheat_Winter_KWS,26174,https://doi.org/10.15454/2UMEUA,PUNJAB TYPE 15,VIRTUAL_TRIAL,,,,,29,13,,2015,A,,207,2015-05-22T02:00:00Z,120,,50,
ww-487,3031475,WW2,Wheat_Winter_KWS,26171,https://doi.org/10.15454/MLTPOB,PUNJAB TYPE 18,VIRTUAL_TRIAL,,,,,2,18,,2015,,,207,2015-05-22T02:00:00Z,110,,5,
ww-342,3031469,WW2,Wheat_Winter_KWS,22513,https://doi.org/10.15454/EOFJLT,CORIN,VIRTUAL_TRIAL,,,,,2,24,,2015,,,215,2015-05-30T02:00:00Z,82,,70,
ww-377,3031894,WW2,Wheat_Winter_KWS,23272,https://doi.org/10.15454/CROGA7,KIRAC 66,VIRTUAL_TRIAL,,,,,30,4,,2015,A,,214,2015-05-29T02:00:00Z,125,,0,
ww-386,3031540,WW2,Wheat_Winter_KWS,23505,https://doi.org/10.15454/QPWUV1,MARS DE SUEDE ROUGE BARBU,VIRTUAL_TRIAL,,,,,25,9,,2015,A,,221,2015-06-05T02:00:00Z,141,,60,
ww-391,3031459,WW2,Wheat_Winter_KWS,23534,https://doi.org/10.15454/9NOFI6,MELCHIOR,VIRTUAL_TRIAL,,,,,6,18,,2015,,,219,2015-06-03T02:00:00Z,110,,90,
ww-168,3031521,WW2,Wheat_Winter_KWS,48105,https://doi.org/10.15454/FVRR9Y,MIKON,VIRTUAL_TRIAL,,,,,7,18,,2015,,,219,2015-06-03T02:00:00Z,94,,40,
ww-300,3031555,WW2,Wheat_Winter_KWS,23781,https://doi.org/10.15454/L6WVMR,NYU BAY,VIRTUAL_TRIAL,,,,,24,9,,2015,,,206,2015-05-21T02:00:00Z,124,,10,
ww-413,3031875,WW2,Wheat_Winter_KWS,24069,https://doi.org/10.15454/NL7OHL,REDMAN,VIRTUAL_TRIAL,,,,,29,21,,2015,,,211,2015-05-26T02:00:00Z,120,,100,
ww-459,3031632,WW2,Wheat_Winter_KWS,26186,https://doi.org/10.15454/XJSDI8,SARRUBRA,VIRTUAL_TRIAL,,,,,16,9,,2015,,,212,2015-05-27T02:00:00Z,120,,40,
ww-308,3031709,WW2,Wheat_Winter_KWS,26321,https://doi.org/10.15454/PD5KZU,TAU-BUGDA,VIRTUAL_TRIAL,,,,,20,7,,2015,A,,215,2015-05-30T02:00:00Z,10,,100,
ww-470,3031446,WW2,Wheat_Winter_KWS,26338,https://doi.org/10.15454/B0ZHJN,ALBIDUM 12,VIRTUAL_TRIAL,,,,,1,2,,2015,,,220,2015-06-04T02:00:00Z,122,,20,
ww-471,3031461,WW2,Wheat_Winter_KWS,26347,https://doi.org/10.15454/TK5KVG,PALESTINSKAYA,VIRTUAL_TRIAL,,,,,1,17,,2015,A,,206,2015-05-21T02:00:00Z,120,,100,
ww-380,3031765,WW2,Wheat_Winter_KWS,26369,https://doi.org/10.15454/U4E5HZ,LAMMAS,VIRTUAL_TRIAL,,,,,23,18,,2015,,,232,2015-06-16T02:00:00Z,139,,0,
ww-475,3031680,WW2,Wheat_Winter_KWS,26368,https://doi.org/10.15454/QXPGVX,ARDITO,VIRTUAL_TRIAL,,,,,19,7,,2015,A,,210,2015-05-25T02:00:00Z,142,,80,
ww-323,3031630,WW2,Wheat_Winter_KWS,21961,https://doi.org/10.15454/VFW8Q0,ARTOIS-DESPREZ,VIRTUAL_TRIAL,,,,,16,12,,2015,,,218,2015-06-02T02:00:00Z,115,,80,
ww-328,3031867,WW2,Wheat_Winter_KWS,22047,https://doi.org/10.15454/NIC2A2,BARBU DU FINISTERE,VIRTUAL_TRIAL,,,,,29,10,,2015,,,215,2015-05-30T02:00:00Z,161,,10,
ww-340,3031592,WW2,Wheat_Winter_KWS,22327,https://doi.org/10.15454/XCF4JM,CEREALOR,VIRTUAL_TRIAL,,,,,21,14,,2015,,,217,2015-06-01T02:00:00Z,94,,30,
ww-351,3031833,WW2,Wheat_Winter_KWS,22692,https://doi.org/10.15454/MC9CU9,DRAGON,VIRTUAL_TRIAL,,,,,27,9,,2015,,,221,2015-06-05T02:00:00Z,122,,5,
ww-296,3031564,WW2,Wheat_Winter_KWS,23085,https://doi.org/10.15454/MWP7AU,HIVERNAL,VIRTUAL_TRIAL,,,,,31,1,,2015,,,220,2015-06-04T02:00:00Z,104,,70,
ww-392,3031590,WW2,Wheat_Winter_KWS,23558,https://doi.org/10.15454/BV9UCZ,MICHE,VIRTUAL_TRIAL,,,,,27,23,,2015,,,221,2015-06-05T02:00:00Z,108,,0,
ww-412,3031694,WW2,Wheat_Winter_KWS,23999,https://doi.org/10.15454/E2TIAR,PROMESSA,VIRTUAL_TRIAL,,,,,19,24,,2015,,,219,2015-06-03T02:00:00Z,92,,30,
ww-465,3031450,WW2,Wheat_Winter_KWS,26255,https://doi.org/10.15454/3CACGD,DALNEVOSTOCHNAYA 10,VIRTUAL_TRIAL,,,,,1,6,,2015,,,208,2015-05-23T02:00:00Z,125,,20,
ww-466,3031699,WW2,Wheat_Winter_KWS,26286,https://doi.org/10.15454/YELICQ,STEPNYACHKA,VIRTUAL_TRIAL,,,,,20,19,,2015,A,,218,2015-06-02T02:00:00Z,128,,80,
ww-082,3031719,WW2,Wheat_Winter_KWS,27144,https://doi.org/10.15454/HCYHJ7,CRVENA ZVESDA,VIRTUAL_TRIAL,,,,,21,4,,2015,,,201,2015-05-16T02:00:00Z,82,,40,
ww-317,3031724,WW2,Wheat_Winter_KWS,21853,https://doi.org/10.15454/JZ1PYA,ADULAR,VIRTUAL_TRIAL,,,,,21,9,,2015,,,216,2015-05-31T02:00:00Z,112,,50,
ww-285,3031701,WW2,Wheat_Winter_KWS,21923,https://doi.org/10.15454/CQDVTN,ARAWA,VIRTUAL_TRIAL,,,,,20,16,,2015,,,213,2015-05-28T02:00:00Z,104,,100,
ww-320,3031738,WW2,Wheat_Winter_KWS,21914,https://doi.org/10.15454/ZNKTMX,APEX,VIRTUAL_TRIAL,,,,,22,21,,2015,,,223,2015-06-07T02:00:00Z,101,,10,
ww-336,3031451,WW2,Wheat_Winter_KWS,22216,https://doi.org/10.15454/AIFGHA,BT2281,VIRTUAL_TRIAL,,,,,5,22,,2015,A,,204,2015-05-19T02:00:00Z,108,,60,
ww-291,3031865,WW2,Wheat_Winter_KWS,22416,https://doi.org/10.15454/HOLGPS,CH73052,VIRTUAL_TRIAL,,,,,29,7,,2015,,,221,2015-06-05T02:00:00Z,108,,80,
ww-478,3031900,WW2,Wheat_Winter_KWS,22433,https://doi.org/10.15454/G8Z8KG,CHANATE,VIRTUAL_TRIAL,,,,,31,5,,2015,A,,197,2015-05-12T02:00:00Z,92,,90,
ww-135,3031721,WW2,Wheat_Winter_KWS,22488,https://doi.org/10.15454/ZTJ57P,COLORBEN-4,VIRTUAL_TRIAL,,,,,21,6,,2015,A,,208,2015-05-23T02:00:00Z,86,,100,
ww-292,3031916,WW2,Wheat_Winter_KWS,22557,https://doi.org/10.15454/CRDX6C,DAERAAD,VIRTUAL_TRIAL,,,,,31,23,,2015,,,205,2015-05-20T02:00:00Z,112,,100,
ww-343,3031749,WW2,Wheat_Winter_KWS,22523,https://doi.org/10.15454/QRKTSJ,COTIPORA,VIRTUAL_TRIAL,,,,,22,5,,2015,A,,213,2015-05-28T02:00:00Z,128,,100,
ww-352,3031725,WW2,Wheat_Winter_KWS,22694,https://doi.org/10.15454/23R9WU,DRAVA,VIRTUAL_TRIAL,,,,,21,11,,2015,,,211,2015-05-26T02:00:00Z,79,,100,
ww-294,3031824,WW2,Wheat_Winter_KWS,22742,https://doi.org/10.15454/PYWJ4M,EMU'S',VIRTUAL_TRIAL,,,,,26,3,,2015,,,203,2015-05-18T02:00:00Z,96,,70,
ww-353,3031849,WW2,Wheat_Winter_KWS,22718,https://doi.org/10.15454/WCQUKD,EBRO,VIRTUAL_TRIAL,,,,,28,18,,2015,A,,222,2015-06-06T02:00:00Z,130,,100,
ww-354,3031735,WW2,Wheat_Winter_KWS,22766,https://doi.org/10.15454/PZIKBQ,ESTANZUELA-DORADO,VIRTUAL_TRIAL,,,,,21,24,,2015,A,,210,2015-05-25T02:00:00Z,119,,100,
ww-091,3031556,WW2,Wheat_Winter_KWS,22884,https://doi.org/10.15454/1XTX2J,FULCASTER,VIRTUAL_TRIAL,,,,,28,24,,2015,A,,218,2015-06-02T02:00:00Z,130,,80,
ww-295,3031757,WW2,Wheat_Winter_KWS,22974,https://doi.org/10.15454/4PTGLO,GLENLEA,VIRTUAL_TRIAL,,,,,23,6,,2015,,,213,2015-05-28T02:00:00Z,121,,10,
ww-361,3031566,WW2,Wheat_Winter_KWS,22917,https://doi.org/10.15454/IA7YLR,GAMENYA,VIRTUAL_TRIAL,,,,,16,21,,2015,,,207,2015-05-22T02:00:00Z,95,,100,
ww-482,3031861,WW2,Wheat_Winter_KWS,22947,https://doi.org/10.15454/JQK0L3,GHURKA,VIRTUAL_TRIAL,,,,,29,1,,2015,,,213,2015-05-28T02:00:00Z,109,,90,
ww-367,3031539,WW2,Wheat_Winter_KWS,23022,https://doi.org/10.15454/J55HZ7,H742A,VIRTUAL_TRIAL,,,,,28,23,,2015,A,,202,2015-05-17T02:00:00Z,56,,100,
ww-368,3031854,WW2,Wheat_Winter_KWS,23026,https://doi.org/10.15454/FSWMWQ,H93-70,VIRTUAL_TRIAL,,,,,28,8,,2015,A,,212,2015-05-27T02:00:00Z,139,,90,
ww-310,3031595,WW2,Wheat_Winter_KWS,21593,https://doi.org/10.15454/UQD6B8,CH01193,VIRTUAL_TRIAL,,,,,26,15,,2015,,,225,2015-06-09T02:00:00Z,100,,90,
ww-371,3031547,WW2,Wheat_Winter_KWS,23139,https://doi.org/10.15454/NBGXZY,IAS 1,VIRTUAL_TRIAL,,,,,19,4,,2015,A,,212,2015-05-27T02:00:00Z,130,,100,
ww-373,3031665,WW2,Wheat_Winter_KWS,23187,https://doi.org/10.15454/OCURBG,JASZAJI TF,VIRTUAL_TRIAL,,,,,18,14,,2015,A,,217,2015-06-01T02:00:00Z,131,,60,
ww-379,3031896,WW2,Wheat_Winter_KWS,23315,https://doi.org/10.15454/HTHZMP,KRAKA,VIRTUAL_TRIAL,,,,,30,2,,2015,,,221,2015-06-05T02:00:00Z,105,,90,
ww-381,3031667,WW2,Wheat_Winter_KWS,23368,https://doi.org/10.15454/EDVXBW,LESCZYNSKA WEZESNA,VIRTUAL_TRIAL,,,,,18,12,,2015,,,223,2015-06-07T02:00:00Z,148,,40,
ww-103,3031512,WW2,Wheat_Winter_KWS,23442,https://doi.org/10.15454/XWSKUL,MADO,VIRTUAL_TRIAL,,,,,3,22,,2015,,,228,2015-06-12T02:00:00Z,109,,20,
ww-384,3031775,WW2,Wheat_Winter_KWS,23435,https://doi.org/10.15454/JK4FXK,M708//G25/N163,VIRTUAL_TRIAL,,,,,24,17,,2015,,,200,2015-05-15T02:00:00Z,110,,30,
ww-298,3031559,WW2,Wheat_Winter_KWS,23571,https://doi.org/10.15454/Q46AA2,MINTURK,VIRTUAL_TRIAL,,,,,29,6,,2015,A,,220,2015-06-04T02:00:00Z,125,,30,
ww-080,3031641,WW2,Wheat_Winter_KWS,23570,https://doi.org/10.15454/UTK7TD,MINHARDI,VIRTUAL_TRIAL,,,,,17,4,,2015,,,220,2015-06-04T02:00:00Z,130,,90,
ww-388,3031458,WW2,Wheat_Winter_KWS,23517,https://doi.org/10.15454/NNI98M,MATRADERECSKEI TF,VIRTUAL_TRIAL,,,,,1,14,,2015,A,,221,2015-06-05T02:00:00Z,120,,20,
ww-389,3031751,WW2,Wheat_Winter_KWS,23529,https://doi.org/10.15454/CHIBTO,MEDRA/AURORA//HOHENTURM/DINA,VIRTUAL_TRIAL,,,,,22,3,,2015,,,223,2015-06-07T02:00:00Z,109,,80,
ww-074,3031666,WW2,Wheat_Winter_KWS,23728,https://doi.org/10.15454/29REVB,NORIN 16,VIRTUAL_TRIAL,,,,,18,13,,2015,A,,197,2015-05-12T02:00:00Z,171,,100,
ww-396,3031713,WW2,Wheat_Winter_KWS,23679,https://doi.org/10.15454/QD6CFC,N67M2,VIRTUAL_TRIAL,,,,,20,3,,2015,,,203,2015-05-18T02:00:00Z,48,,100,
ww-404,3031472,WW2,Wheat_Winter_KWS,23801,https://doi.org/10.15454/SS6CMI,OGOSTA,VIRTUAL_TRIAL,,,,,2,21,,2015,,,214,2015-05-29T02:00:00Z,82,,60,
ww-405,3031898,WW2,Wheat_Winter_KWS,23816,https://doi.org/10.15454/RWMPOR,OPAL,VIRTUAL_TRIAL,,,,,31,2,,2015,,,214,2015-05-29T02:00:00Z,110,,90,
ww-407,3031514,WW2,Wheat_Winter_KWS,23839,https://doi.org/10.15454/OWSJUU,ULYANOVSKAYA,VIRTUAL_TRIAL,,,,,8,16,,2015,A,,223,2015-06-07T02:00:00Z,128,,60,
ww-408,3031570,WW2,Wheat_Winter_KWS,23842,https://doi.org/10.15454/SZBGLJ,P. DE BROLLON,VIRTUAL_TRIAL,,,,,32,20,,2015,A,,221,2015-06-05T02:00:00Z,125,,30,
ww-409,3031754,WW2,Wheat_Winter_KWS,23847,https://doi.org/10.15454/OKJJBJ,P4523-80,VIRTUAL_TRIAL,,,,,23,1,,2015,A,,217,2015-06-01T02:00:00Z,88,,60,
ww-410,3031884,WW2,Wheat_Winter_KWS,23879,https://doi.org/10.15454/2LO7HO,PATO,VIRTUAL_TRIAL,,,,,30,15,,2015,A,,201,2015-05-16T02:00:00Z,92,,90,
ww-301,3031818,WW2,Wheat_Winter_KWS,23929,https://doi.org/10.15454/JSZ6HD,PITIC 62,VIRTUAL_TRIAL,,,,,26,10,,2015,A,,203,2015-05-18T02:00:00Z,93,,100,
ww-411,3031524,WW2,Wheat_Winter_KWS,23960,https://doi.org/10.15454/N0YNKY,PRECOCE A BARBE BLANCHE,VIRTUAL_TRIAL,,,,,7,14,,2015,A,,214,2015-05-29T02:00:00Z,110,,50,
ww-418,3031795,WW2,Wheat_Winter_KWS,24326,https://doi.org/10.15454/UEHBY5,SOANDRES LARACHA,VIRTUAL_TRIAL,,,,,25,10,,2015,A,,220,2015-06-04T02:00:00Z,138,,30,
ww-434,3031789,WW2,Wheat_Winter_KWS,25099,https://doi.org/10.15454/YZY2EQ,CARIBO,VIRTUAL_TRIAL,,,,,24,1,,2015,,,220,2015-06-04T02:00:00Z,110,,60,
ww-438,3031688,WW2,Wheat_Winter_KWS,25481,https://doi.org/10.15454/VCUAPF,PRINCE-LEOPOLD,VIRTUAL_TRIAL,,,,,19,17,,2015,,,225,2015-06-09T02:00:00Z,148,,80,
ww-364,3031845,WW2,Wheat_Winter_KWS,22994,https://doi.org/10.15454/XKSOBW,GRANAROLO,VIRTUAL_TRIAL,,,,,27,22,,2015,,,209,2015-05-24T02:00:00Z,72,,100,
ww-226,3031800,WW2,Wheat_Winter_KWS,48259,https://doi.org/10.15454/0SKJFO,IG 126331,VIRTUAL_TRIAL,,,,,25,15,,2015,,,214,2015-05-29T02:00:00Z,112,,30,
ww-303,3031664,WW2,Wheat_Winter_KWS,24985,https://doi.org/10.15454/56VCQT,CORONATION,VIRTUAL_TRIAL,,,,,18,15,,2015,A,,211,2015-05-26T02:00:00Z,122,,100,
ww-428,3031453,WW2,Wheat_Winter_KWS,24989,https://doi.org/10.15454/RBS2MT,KITCHENER,VIRTUAL_TRIAL,,,,,1,9,,2015,,,218,2015-06-02T02:00:00Z,134,,60,
ww-312,3031744,WW2,Wheat_Winter_KWS,21765,https://doi.org/10.15454/RNBVT7,6-1-3,VIRTUAL_TRIAL,,,,,22,13,,2015,,,212,2015-05-27T02:00:00Z,102,,80,
ww-316,3031796,WW2,Wheat_Winter_KWS,21851,https://doi.org/10.15454/FAVKBG,ADMONTER,VIRTUAL_TRIAL,,,,,25,11,,2015,A,,219,2015-06-03T02:00:00Z,125,,10,
ww-133,3031698,WW2,Wheat_Winter_KWS,21907,https://doi.org/10.15454/HA5VBN,ANNA MIGLIORI,VIRTUAL_TRIAL,,,,,20,20,,2015,,,228,2015-06-12T02:00:00Z,145,,80,
ww-324,3031629,WW2,Wheat_Winter_KWS,21990,https://doi.org/10.15454/BKHIDR,AUSTRO BANKUT,VIRTUAL_TRIAL,,,,,16,13,,2015,A,,212,2015-05-27T02:00:00Z,130,,70,
ww-326,3031675,WW2,Wheat_Winter_KWS,22022,https://doi.org/10.15454/HUCEGN,BAIONETTE-I,VIRTUAL_TRIAL,,,,,18,1,,2015,,,219,2015-06-03T02:00:00Z,145,,60,
ww-089,3031758,WW2,Wheat_Winter_KWS,22037,https://doi.org/10.15454/TCSXWR,BANKUTI 1201,VIRTUAL_TRIAL,,,,,23,8,,2015,A,,212,2015-05-27T02:00:00Z,135,,80,
ww-327,3031728,WW2,Wheat_Winter_KWS,22029,https://doi.org/10.15454/SUKFFR,BALKAN,VIRTUAL_TRIAL,,,,,21,15,,2015,,,213,2015-05-28T02:00:00Z,89,,100,
ww-333,3031643,WW2,Wheat_Winter_KWS,22123,https://doi.org/10.15454/GDSW10,BLANC PRECOCE,VIRTUAL_TRIAL,,,,,17,6,,2015,,,217,2015-06-01T02:00:00Z,130,,100,
ww-189,3031639,WW2,Wheat_Winter_KWS,22235,https://doi.org/10.15454/WADGVN,BULGARIA 301,VIRTUAL_TRIAL,,,,,17,2,,2015,A,,212,2015-05-27T02:00:00Z,140,,100,
ww-288,3031793,WW2,Wheat_Winter_KWS,22215,https://doi.org/10.15454/8LUH9M,BT2277,VIRTUAL_TRIAL,,,,,25,7,,2015,A,,199,2015-05-14T02:00:00Z,115,,90,
ww-289,3031928,WW2,Wheat_Winter_KWS,22231,https://doi.org/10.15454/3KYLVY,BUCKBUCK'S',VIRTUAL_TRIAL,,,,,32,3,,2015,A,,209,2015-05-24T02:00:00Z,85,,0,
ww-383,3031645,WW2,Wheat_Winter_KWS,23434,https://doi.org/10.15454/DF8XVT,M45/66,VIRTUAL_TRIAL,,,,,17,9,,2015,A,,209,2015-05-24T02:00:00Z,110,,90,
ww-052,3031534,WW2,Wheat_Winter_KWS,24116,https://doi.org/10.15454/PTBXFI,RIALTO,VIRTUAL_TRIAL,,,,,6,11,,2015,,,217,2015-06-01T02:00:00Z,89,,90,
ww-096,3031545,WW2,Wheat_Winter_KWS,48174,https://doi.org/10.15454/56F3VY,NJEMERTSCH TRIUMPH BEGRANNTER ROTER VERBESSERTER,VIRTUAL_TRIAL,,,,,23,19,,2015,A,,220,2015-06-04T02:00:00Z,150,,30,
ww-075,3031737,WW2,Wheat_Winter_KWS,26500,https://doi.org/10.15454/069SJN,SUWON 86,VIRTUAL_TRIAL,,,,,22,22,,2015,A,,208,2015-05-23T02:00:00Z,65,,100,
ww-061,3031776,WW2,Wheat_Winter_KWS,48109,https://doi.org/10.15454/2GWGLB,PAUILLAC,VIRTUAL_TRIAL,,,,,24,16,,2015,,,218,2015-06-02T02:00:00Z,88,,20,
ww-164,3031851,WW2,Wheat_Winter_KWS,26122,https://doi.org/10.15454/SZ4TNI,ROSARIO,VIRTUAL_TRIAL,,,,,28,14,,2015,,,220,2015-06-04T02:00:00Z,81,,40,
ww-369,3031745,WW2,Wheat_Winter_KWS,23115,https://doi.org/10.15454/1RXCK7,HYBRIDE 56 VILMORIN,VIRTUAL_TRIAL,,,,,22,10,,2015,,,213,2015-05-28T02:00:00Z,140,,20,
ww-495,3031468,WW2,Wheat_Winter_KWS,48271,https://doi.org/10.15454/HFW5CZ,DOLATKHANI (WHITE),VIRTUAL_TRIAL,,,,,1,24,,2015,,,215,2015-05-30T02:00:00Z,121,,40,
ww-047,3031671,WW2,Wheat_Winter_KWS,27304,https://doi.org/10.15454/LCH7HL,RIMBAUD,VIRTUAL_TRIAL,,,,,18,6,,2015,,,211,2015-05-26T02:00:00Z,82,,5,
ww-107,3031533,WW2,Wheat_Winter_KWS,48179,https://doi.org/10.15454/1O0QTW,LANDWEIZEN AUS NEUHAUSEN,VIRTUAL_TRIAL,,,,,4,6,,2015,,,226,2015-06-10T02:00:00Z,163,,5,
ww-106,3031608,WW2,Wheat_Winter_KWS,48178,https://doi.org/10.15454/0NOYWH,DRAEGERS DICKKOPF,VIRTUAL_TRIAL,,,,,32,21,,2015,,,227,2015-06-11T02:00:00Z,124,,40,
ww-090,3031918,WW2,Wheat_Winter_KWS,48170,https://doi.org/10.15454/VDKSTT,ODVOS 116,VIRTUAL_TRIAL,,,,,32,22,,2015,A,,213,2015-05-28T02:00:00Z,128,,100,
ww-500,3031804,WW2,Wheat_Winter_KWS,48276,https://doi.org/10.15454/HFDCBZ,WC325,VIRTUAL_TRIAL,,,,,25,21,,2015,A,,224,2015-06-08T02:00:00Z,118,,100,
ww-264,3031619,WW2,Wheat_Winter_KWS,48328,https://doi.org/10.15454/8ZFEST,TRI 5860,VIRTUAL_TRIAL,,,,,16,24,,2015,A,,227,2015-06-11T02:00:00Z,105,,20,
ww-009,3031449,WW2,Wheat_Winter_KWS,48125,https://doi.org/10.15454/OGEQVA,KWS DACANTO,VIRTUAL_TRIAL,,,,,1,5,,2015,,,219,2015-06-03T02:00:00Z,88,,20,
ww-355,3031915,WW2,Wheat_Winter_KWS,22809,https://doi.org/10.15454/NKDB3F,FERRUGINEUM,VIRTUAL_TRIAL,,,,,31,22,,2015,A,,225,2015-06-09T02:00:00Z,142,,80,
ww-359,3031817,WW2,Wheat_Winter_KWS,22896,https://doi.org/10.15454/5SS7JV,G66257,VIRTUAL_TRIAL,,,,,26,11,,2015,A,,200,2015-05-15T02:00:00Z,122,,100,
ww-360,3031886,WW2,Wheat_Winter_KWS,22901,https://doi.org/10.15454/9WV2AB,G72300,VIRTUAL_TRIAL,,,,,30,13,,2015,,,203,2015-05-18T02:00:00Z,121,,80,
ww-370,3031840,WW2,Wheat_Winter_KWS,23138,https://doi.org/10.15454/YRO99K,IAR W83-2,VIRTUAL_TRIAL,,,,,27,17,,2015,A,,214,2015-05-29T02:00:00Z,106,,0,
ww-372,3031901,WW2,Wheat_Winter_KWS,23149,https://doi.org/10.15454/IOTYVY,ICARDA 079,VIRTUAL_TRIAL,,,,,31,6,,2015,,,213,2015-05-28T02:00:00Z,103,,90,
ww-374,3031546,WW2,Wheat_Winter_KWS,23198,https://doi.org/10.15454/TECPYX,JO3045,VIRTUAL_TRIAL,,,,,17,13,,2015,,,216,2015-05-31T02:00:00Z,115,,100,
ww-483,3031803,WW2,Wheat_Winter_KWS,23325,https://doi.org/10.15454/298YCK,KULUNG,VIRTUAL_TRIAL,,,,,25,20,,2015,,,209,2015-05-24T02:00:00Z,121,,0,
ww-180,3031674,WW2,Wheat_Winter_KWS,48300,https://doi.org/10.15454/3NV7WZ,LxG #12,VIRTUAL_TRIAL,,,,,18,2,,2015,A,,215,2015-05-30T02:00:00Z,109,,70,
ww-414,3031491,WW2,Wheat_Winter_KWS,24137,https://doi.org/10.15454/YCXKIP,RITAK,VIRTUAL_TRIAL,,,,,2,1,,2015,,,208,2015-05-23T02:00:00Z,120,,0,
ww-416,3031584,WW2,Wheat_Winter_KWS,24227,https://doi.org/10.15454/FUTAAA,S975-A4-A1,VIRTUAL_TRIAL,,,,,32,14,,2015,A,,202,2015-05-17T02:00:00Z,81,,100,
ww-125,3031808,WW2,Wheat_Winter_KWS,48107,https://doi.org/10.15454/XOI0NK,CAMPEADOR,VIRTUAL_TRIAL,,,,,26,24,,2015,,,214,2015-05-29T02:00:00Z,109,,90,
ww-444,3031525,WW2,Wheat_Winter_KWS,25687,https://doi.org/10.15454/I976KG,PAMUKALE,VIRTUAL_TRIAL,,,,,22,12,,2015,A,,211,2015-05-26T02:00:00Z,92,,100,
ww-050,3031594,WW2,Wheat_Winter_KWS,25814,https://doi.org/10.15454/D3RULR,CLAIRE,VIRTUAL_TRIAL,,,,,18,3,,2015,,,220,2015-06-04T02:00:00Z,78,,90,
ww-025,3031893,WW2,Wheat_Winter_KWS,48112,https://doi.org/10.15454/TDJ7ZR,MV-SUBA,VIRTUAL_TRIAL,,,,,30,5,,2015,A,,215,2015-05-30T02:00:00Z,90,,90,
ww-020,3031620,WW2,Wheat_Winter_KWS,48123,https://doi.org/10.15454/7RTRTU,PALESIO,VIRTUAL_TRIAL,,,,,16,23,,2015,A,,203,2015-05-18T02:00:00Z,71,,60,
ww-034,3031659,WW2,Wheat_Winter_KWS,48131,https://doi.org/10.15454/OUKKPI,KWS WILLOW,VIRTUAL_TRIAL,,,,,18,21,,2015,,,218,2015-06-02T02:00:00Z,95,,70,
ww-011,3031927,WW2,Wheat_Winter_KWS,48126,https://doi.org/10.15454/0W0IZQ,JULIUS,VIRTUAL_TRIAL,,,,,32,4,,2015,,,221,2015-06-05T02:00:00Z,99,,10,
ww-1001,3031488,WW2,Wheat_Winter_KWS,48126,https://doi.org/10.15454/0W0IZQ,JULIUS,VIRTUAL_TRIAL,,,,,30,10,,2015,,,219,2015-06-03T02:00:00Z,92,,20,
ww-024,3031460,WW2,Wheat_Winter_KWS,48129,https://doi.org/10.15454/GCPXFB,MV KARIZMA,VIRTUAL_TRIAL,,,,,1,16,,2015,A,,215,2015-05-30T02:00:00Z,91,,50,
ww-026,3031814,WW2,Wheat_Winter_KWS,48130,https://doi.org/10.15454/W9Y2S1,MV KOLO,VIRTUAL_TRIAL,,,,,26,14,,2015,A,,217,2015-06-01T02:00:00Z,91,,80,
ww-030,3031610,WW2,Wheat_Winter_KWS,48132,https://doi.org/10.15454/QHJQN6,KWS SANTIAGO,VIRTUAL_TRIAL,,,,,29,15,,2015,,,221,2015-06-05T02:00:00Z,83,,30,
ww-344,3031456,WW2,Wheat_Winter_KWS,22525,https://doi.org/10.15454/UOONSC,COURTOT,VIRTUAL_TRIAL,,,,,8,12,,2015,A,,211,2015-05-26T02:00:00Z,62,,70,
ww-297,3031676,WW2,Wheat_Winter_KWS,23219,https://doi.org/10.15454/XVI3MO,K1898-9/L200-6,VIRTUAL_TRIAL,,,,,19,2,,2015,,,218,2015-06-02T02:00:00Z,106,,100,
ww-037,3031575,WW2,Wheat_Winter_KWS,48115,https://doi.org/10.15454/D64HJQ,AGUILA,VIRTUAL_TRIAL,,,,,22,17,,2015,,,214,2015-05-29T02:00:00Z,81,,20,
ww-040,3031505,WW2,Wheat_Winter_KWS,26117,https://doi.org/10.15454/HVPKXS,ALCAZAR,VIRTUAL_TRIAL,,,,,3,14,,2015,,,219,2015-06-03T02:00:00Z,81,,20,
ww-062,3031880,WW2,Wheat_Winter_KWS,48114,https://doi.org/10.15454/NJH2MI,QUEBON,VIRTUAL_TRIAL,,,,,30,19,,2015,,,217,2015-06-01T02:00:00Z,90,,20,
ww-053,3031710,WW2,Wheat_Winter_KWS,26922,https://doi.org/10.15454/GPA8QB,ROBIGUS,VIRTUAL_TRIAL,,,,,20,6,,2015,,,220,2015-06-04T02:00:00Z,70,,100,
ww-161,3031503,WW2,Wheat_Winter_KWS,27091,https://doi.org/10.15454/TJNUV3,INTERET,VIRTUAL_TRIAL,,,,,3,12,,2015,,,218,2015-06-02T02:00:00Z,90,,1,
ww-007,3031703,WW2,Wheat_Winter_KWS,48138,https://doi.org/10.15454/7HOVOY,LITHIUM,VIRTUAL_TRIAL,,,,,20,13,,2015,,,219,2015-06-03T02:00:00Z,75,,5,
ww-008,3031889,WW2,Wheat_Winter_KWS,48137,https://doi.org/10.15454/ROQEAK,MODERN,VIRTUAL_TRIAL,,,,,30,9,,2015,,,214,2015-05-29T02:00:00Z,90,,80,
ww-017,3031471,WW2,Wheat_Winter_KWS,48128,https://doi.org/10.15454/ZO6EK9,KWS SCIROCCO,VIRTUAL_TRIAL,,,,,8,24,,2015,,,213,2015-05-28T02:00:00Z,101,,100,
ww-1002,3031464,WW2,Wheat_Winter_KWS,48128,https://doi.org/10.15454/ZO6EK9,KWS SCIROCCO,VIRTUAL_TRIAL,,,,,31,20,,2015,,,213,2015-05-28T02:00:00Z,102,,90,
ww-468,3031717,WW2,Wheat_Winter_KWS,26298,https://doi.org/10.15454/HWVJPY,CROISEMENT 268,VIRTUAL_TRIAL,,,,,21,2,,2015,,,227,2015-06-11T02:00:00Z,142,,70,
ww-322,3031499,WW2,Wheat_Winter_KWS,21934,https://doi.org/10.15454/XZDAYM,ARGENT,VIRTUAL_TRIAL,,,,,3,8,,2015,A,,221,2015-06-05T02:00:00Z,81,,90,
ww-137,3031926,WW2,Wheat_Winter_KWS,24249,https://doi.org/10.15454/CNZ9NW,SAN PROSPERO,VIRTUAL_TRIAL,,,,,32,5,,2015,,,208,2015-05-23T02:00:00Z,95,,90,
ww-469,3031759,WW2,Wheat_Winter_KWS,26307,https://doi.org/10.15454/6CWYBQ,SPIN 121-VAR.12/536,VIRTUAL_TRIAL,,,,,23,9,,2015,A,,203,2015-05-18T02:00:00Z,115,,100,
ww-136,3031587,WW2,Wheat_Winter_KWS,22506,https://doi.org/10.15454/RAQ95D,CONTE MARZOTTO,VIRTUAL_TRIAL,,,,,28,22,,2015,,,208,2015-05-23T02:00:00Z,82,,100,
ww-194,3031493,WW2,Wheat_Winter_KWS,22547,https://doi.org/10.15454/ILITCD,CUMHURYET 75,VIRTUAL_TRIAL,,,,,5,24,,2015,A,,204,2015-05-19T02:00:00Z,98,,50,
ww-105,3031908,WW2,Wheat_Winter_KWS,24630,https://doi.org/10.15454/JDNZVI,VIRTUE,VIRTUAL_TRIAL,,,,,31,13,,2015,,,225,2015-06-09T02:00:00Z,70,,5,
ww-132,3031772,WW2,Wheat_Winter_KWS,26324,https://doi.org/10.15454/DDWMHT,NOVARO,VIRTUAL_TRIAL,,,,,24,20,,2015,,,210,2015-05-25T02:00:00Z,111,,60,
ww-213,3031829,WW2,Wheat_Winter_KWS,26357,https://doi.org/10.15454/TNSBM8,SARY-BUGDA,VIRTUAL_TRIAL,,,,,27,4,,2015,,,224,2015-06-08T02:00:00Z,114,,100,
ww-049,3031604,WW2,Wheat_Winter_KWS,48118,https://doi.org/10.15454/A1SFDK,BROMPTON,VIRTUAL_TRIAL,,,,,26,2,,2015,,,221,2015-06-05T02:00:00Z,73,,70,
ww-443,3031858,WW2,Wheat_Winter_KWS,25611,https://doi.org/10.15454/1SIYRT,TALDOR,VIRTUAL_TRIAL,,,,,28,3,,2015,,,214,2015-05-29T02:00:00Z,81,,70,
ww-155,3031642,WW2,Wheat_Winter_KWS,48211,https://doi.org/10.15454/QZNR8E,MONTY,VIRTUAL_TRIAL,,,,,17,5,,2015,,,220,2015-06-04T02:00:00Z,68,,90,
ww-426,3031657,WW2,Wheat_Winter_KWS,24573,https://doi.org/10.15454/XJE0AX,VALDOR,VIRTUAL_TRIAL,,,,,18,23,,2015,,,221,2015-06-05T02:00:00Z,122,,10,
ww-077,3031702,WW2,Wheat_Winter_KWS,23778,https://doi.org/10.15454/SGTBP6,NS732,VIRTUAL_TRIAL,,,,,20,14,,2015,,,201,2015-05-16T02:00:00Z,53,,100,
ww-348,3031580,WW2,Wheat_Winter_KWS,26327,https://doi.org/10.15454/RLW65J,DIANA,VIRTUAL_TRIAL,,,,,26,6,,2015,,,227,2015-06-11T02:00:00Z,130,,80,
ww-398,3031750,WW2,Wheat_Winter_KWS,23717,https://doi.org/10.15454/KZGBUA,NONG DA NO.141,VIRTUAL_TRIAL,,,,,22,4,,2015,A,,200,2015-05-15T02:00:00Z,103,,100,
ww-375,3031811,WW2,Wheat_Winter_KWS,23209,https://doi.org/10.15454/CBYUPS,JUFY II,VIRTUAL_TRIAL,,,,,26,20,,2015,,,220,2015-06-04T02:00:00Z,104,,90,
ww-079,3031572,WW2,Wheat_Winter_KWS,23733,https://doi.org/10.15454/KVBAYK,NORIN 4,VIRTUAL_TRIAL,,,,,26,18,,2015,A,,197,2015-05-12T02:00:00Z,76,,100,
ww-346,3031531,WW2,Wheat_Winter_KWS,22564,https://doi.org/10.15454/GPP5VR,DANUBIA,VIRTUAL_TRIAL,,,,,4,8,,2015,,,220,2015-06-04T02:00:00Z,88,,60,
ww-347,3031860,WW2,Wheat_Winter_KWS,22584,https://doi.org/10.15454/HPBXOW,DETENICKA CERVENA,VIRTUAL_TRIAL,,,,,28,1,,2015,,,221,2015-06-05T02:00:00Z,150,,50,
ww-421,3031868,WW2,Wheat_Winter_KWS,24402,https://doi.org/10.15454/BTJX33,TAHTI,VIRTUAL_TRIAL,,,,,29,11,,2015,,,215,2015-05-30T02:00:00Z,125,,0,
ww-419,3031842,WW2,Wheat_Winter_KWS,24366,https://doi.org/10.15454/BOKUVZ,STRUBES DICKKOPF,VIRTUAL_TRIAL,,,,,27,19,,2015,,,224,2015-06-08T02:00:00Z,120,,20,
ww-423,3031504,WW2,Wheat_Winter_KWS,24507,https://doi.org/10.15454/RU5WME,TRIGO DE MONTE,VIRTUAL_TRIAL,,,,,3,13,,2015,A,,228,2015-06-12T02:00:00Z,121,,30,
ww-158,3031543,WW2,Wheat_Winter_KWS,25180,https://doi.org/10.15454/2QKTYW,SPERBER,VIRTUAL_TRIAL,,,,,28,9,,2015,,,219,2015-06-03T02:00:00Z,113,,10,
ww-093,3031528,WW2,Wheat_Winter_KWS,25484,https://doi.org/10.15454/QRMJJY,RED HUSSAR,VIRTUAL_TRIAL,,,,,4,11,,2015,A,,215,2015-05-30T02:00:00Z,139,,80,
ww-441,3031693,WW2,Wheat_Winter_KWS,25594,https://doi.org/10.15454/1K0VPV,VOLT,VIRTUAL_TRIAL,,,,,19,23,,2015,,,218,2015-06-02T02:00:00Z,74,,100,
ww-170,3031887,WW2,Wheat_Winter_KWS,25690,https://doi.org/10.15454/KPUN03,OPATA 85,VIRTUAL_TRIAL,,,,,30,12,,2015,A,,201,2015-05-16T02:00:00Z,89,,0,
ww-447,3031484,WW2,Wheat_Winter_KWS,25725,https://doi.org/10.15454/ZTTBW7,ROKYCANSKA SAMETKA,VIRTUAL_TRIAL,,,,,5,19,,2015,,,228,2015-06-12T02:00:00Z,140,,30,
ww-486,3031761,WW2,Wheat_Winter_KWS,25691,https://doi.org/10.15454/L6KYH7,W7984,VIRTUAL_TRIAL,,,,,23,12,,2015,A,,218,2015-06-02T02:00:00Z,78,,0,
ww-171,3031508,WW2,Wheat_Winter_KWS,25691,https://doi.org/10.15454/L6KYH7,W7984,VIRTUAL_TRIAL,,,,,4,4,,2015,A,,217,2015-06-01T02:00:00Z,82,,70,
ww-307,3031809,WW2,Wheat_Winter_KWS,25783,https://doi.org/10.15454/VN2RPU,MIRLEBEN,VIRTUAL_TRIAL,,,,,26,23,,2015,,,218,2015-06-02T02:00:00Z,90,,10,
ww-450,3031532,WW2,Wheat_Winter_KWS,25850,https://doi.org/10.15454/OJBHUR,EQUINOX,VIRTUAL_TRIAL,,,,,7,13,,2015,,,220,2015-06-04T02:00:00Z,73,,10,
ww-424,3031583,WW2,Wheat_Winter_KWS,24523,https://doi.org/10.15454/K75B3N,TURDA 81-77,VIRTUAL_TRIAL,,,,,32,15,,2015,,,217,2015-06-01T02:00:00Z,91,,80,
ww-425,3031558,WW2,Wheat_Winter_KWS,24570,https://doi.org/10.15454/03IF3R,VAKKA,VIRTUAL_TRIAL,,,,,31,4,,2015,,,223,2015-06-07T02:00:00Z,128,,20,
ww-427,3031474,WW2,Wheat_Winter_KWS,24826,https://doi.org/10.15454/N7DCTM,RONGOTEA,VIRTUAL_TRIAL,,,,,2,19,,2015,A,,213,2015-05-28T02:00:00Z,82,,90,
ww-302,3031690,WW2,Wheat_Winter_KWS,24972,https://doi.org/10.15454/SY9HRB,ZANDA,VIRTUAL_TRIAL,,,,,19,19,,2015,,,224,2015-06-08T02:00:00Z,134,,80,
ww-431,3031615,WW2,Wheat_Winter_KWS,25064,https://doi.org/10.15454/QG0WXC,NEELKANT,VIRTUAL_TRIAL,,,,,31,17,,2015,A,,207,2015-05-22T02:00:00Z,95,,0,
ww-339,3031463,WW2,Wheat_Winter_KWS,22321,https://doi.org/10.15454/KW1FXO,CENAD 512,VIRTUAL_TRIAL,,,,,1,19,,2015,A,,213,2015-05-28T02:00:00Z,132,,30,
ww-100,3031819,WW2,Wheat_Winter_KWS,22307,https://doi.org/10.15454/VWRXGK,CARSTENS VIII,VIRTUAL_TRIAL,,,,,26,9,,2015,,,227,2015-06-11T02:00:00Z,101,,60,
ww-099,3031553,WW2,Wheat_Winter_KWS,22788,https://doi.org/10.15454/SL7ZN1,FALCO,VIRTUAL_TRIAL,,,,,26,22,,2015,,,225,2015-06-09T02:00:00Z,110,,5,
ww-218,3031723,WW2,Wheat_Winter_KWS,48252,https://doi.org/10.15454/5XEM2F,IG 41606,VIRTUAL_TRIAL,,,,,21,8,,2015,A,,205,2015-05-20T02:00:00Z,118,,100,
ww-365,3031764,WW2,Wheat_Winter_KWS,22998,https://doi.org/10.15454/KUZL58,GRANIT,VIRTUAL_TRIAL,,,,,23,17,,2015,A,,219,2015-06-03T02:00:00Z,105,,60,
ww-366,3031911,WW2,Wheat_Winter_KWS,23015,https://doi.org/10.15454/HD2FML,GULAR,VIRTUAL_TRIAL,,,,,31,16,,2015,A,,204,2015-05-19T02:00:00Z,90,,90,
ww-415,3031827,WW2,Wheat_Winter_KWS,24185,https://doi.org/10.15454/8RFGNP,ROUGE DE MARCHISSY,VIRTUAL_TRIAL,,,,,27,2,,2015,,,224,2015-06-08T02:00:00Z,149,,30,
ww-072,3031748,WW2,Wheat_Winter_KWS,24211,https://doi.org/10.15454/6PZGJ3,RUSALKA,VIRTUAL_TRIAL,,,,,22,7,,2015,A,,201,2015-05-16T02:00:00Z,81,,20,
ww-098,3031863,WW2,Wheat_Winter_KWS,24129,https://doi.org/10.15454/5FHWV5,RIEBESEL 47-51,VIRTUAL_TRIAL,,,,,29,3,,2015,A,,227,2015-06-11T02:00:00Z,108,,30,
ww-417,3031529,WW2,Wheat_Winter_KWS,24285,https://doi.org/10.15454/PNX8KK,SEU SEUN 27,VIRTUAL_TRIAL,,,,,4,10,,2015,A,,202,2015-05-17T02:00:00Z,113,,90,
ww-422,3031465,WW2,Wheat_Winter_KWS,24502,https://doi.org/10.15454/LS50OY,TREMESINO MEIRA,VIRTUAL_TRIAL,,,,,1,21,,2015,A,,208,2015-05-23T02:00:00Z,120,,60,
ww-435,3031669,WW2,Wheat_Winter_KWS,25209,https://doi.org/10.15454/6OYTC4,LIMPOPO,VIRTUAL_TRIAL,,,,,18,8,,2015,A,,204,2015-05-19T02:00:00Z,58,,90,
ww-437,3031672,WW2,Wheat_Winter_KWS,25479,https://doi.org/10.15454/YAKXGK,NON PLUS EXTRA,VIRTUAL_TRIAL,,,,,18,5,,2015,,,228,2015-06-12T02:00:00Z,149,,40,
ww-436,3031798,WW2,Wheat_Winter_KWS,25465,https://doi.org/10.15454/FUTN48,HOPEA,VIRTUAL_TRIAL,,,,,25,13,,2015,,,233,2015-06-17T02:00:00Z,154,,5,
ww-439,3031876,WW2,Wheat_Winter_KWS,25533,https://doi.org/10.15454/PR4ILA,SOLARIS,VIRTUAL_TRIAL,,,,,29,22,,2015,A,,213,2015-05-28T02:00:00Z,95,,100,
ww-305,3031914,WW2,Wheat_Winter_KWS,25554,https://doi.org/10.15454/4EZINI,CONCURRENT,VIRTUAL_TRIAL,,,,,31,21,,2015,,,219,2015-06-03T02:00:00Z,128,,80,
ww-151,3031623,WW2,Wheat_Winter_KWS,25734,https://doi.org/10.15454/P0AD4Y,BRANDO,VIRTUAL_TRIAL,,,,,16,19,,2015,,,218,2015-06-02T02:00:00Z,80,,40,
ww-446,3031766,WW2,Wheat_Winter_KWS,25716,https://doi.org/10.15454/UHXQIL,AXONA,VIRTUAL_TRIAL,,,,,23,20,,2015,,,216,2015-05-31T02:00:00Z,104,,90,
ww-448,3031517,WW2,Wheat_Winter_KWS,25729,https://doi.org/10.15454/WXYTHM,HANA,VIRTUAL_TRIAL,,,,,4,22,,2015,,,219,2015-06-03T02:00:00Z,98,,70,
ww-153,3031511,WW2,Wheat_Winter_KWS,48113,https://doi.org/10.15454/OOWNKD,CONTUR,VIRTUAL_TRIAL,,,,,3,21,,2015,,,226,2015-06-10T02:00:00Z,80,,100,
ww-220,3031490,WW2,Wheat_Winter_KWS,48254,https://doi.org/10.15454/XAVW4C,IG 42416,VIRTUAL_TRIAL,,,,,8,3,,2015,A,,212,2015-05-27T02:00:00Z,139,,50,
ww-221,3031897,WW2,Wheat_Winter_KWS,48255,https://doi.org/10.15454/OBAB25,IG 42868,VIRTUAL_TRIAL,,,,,30,1,,2015,A,,216,2015-05-31T02:00:00Z,113,,0,
ww-223,3031518,WW2,Wheat_Winter_KWS,48256,https://doi.org/10.15454/I8MR9E,IG 122348,VIRTUAL_TRIAL,,,,,4,21,,2015,A,,216,2015-05-31T02:00:00Z,123,,100,
ww-224,3031716,WW2,Wheat_Winter_KWS,48257,https://doi.org/10.15454/KHX1RQ,IG 122491,VIRTUAL_TRIAL,,,,,21,1,,2015,A,,215,2015-05-30T02:00:00Z,138,,20,
ww-225,3031651,WW2,Wheat_Winter_KWS,48258,https://doi.org/10.15454/QUWQYC,IG 122619,VIRTUAL_TRIAL,,,,,17,17,,2015,A,,212,2015-05-27T02:00:00Z,110,,100,
ww-329,3031843,WW2,Wheat_Winter_KWS,22071,https://doi.org/10.15454/I9TQPI,BEL ET BON,VIRTUAL_TRIAL,,,,,27,20,,2015,,,223,2015-06-07T02:00:00Z,105,,50,
ww-058,3031655,WW2,Wheat_Winter_KWS,21899,https://doi.org/10.15454/PS6BNT,AMI,VIRTUAL_TRIAL,,,,,17,24,,2015,,,213,2015-05-28T02:00:00Z,91,,60,
ww-057,3031705,WW2,Wheat_Winter_KWS,25538,https://doi.org/10.15454/AL8B8X,CHANCELIER,VIRTUAL_TRIAL,,,,,20,11,,2015,,,215,2015-05-30T02:00:00Z,84,,70,
ww-060,3031650,WW2,Wheat_Winter_KWS,48110,https://doi.org/10.15454/5DLIKL,KALTOP,VIRTUAL_TRIAL,,,,,17,16,,2015,,,219,2015-06-03T02:00:00Z,85,,70,
ww-442,3031815,WW2,Wheat_Winter_KWS,25609,https://doi.org/10.15454/ZUZBM9,ORNICAR,VIRTUAL_TRIAL,,,,,26,13,,2015,,,213,2015-05-28T02:00:00Z,83,,80,
ww-299,3031577,WW2,Wheat_Winter_KWS,23676,https://doi.org/10.15454/PTV4U3,N46,VIRTUAL_TRIAL,,,,,18,16,,2015,A,,203,2015-05-18T02:00:00Z,55,,100,
ww-429,3031598,WW2,Wheat_Winter_KWS,25004,https://doi.org/10.15454/HIL2HF,STANLEY,VIRTUAL_TRIAL,,,,,28,7,,2015,,,218,2015-06-02T02:00:00Z,132,,40,
ww-101,3031578,WW2,Wheat_Winter_KWS,22803,https://doi.org/10.15454/TCAC2U,FEMA,VIRTUAL_TRIAL,,,,,17,21,,2015,,,226,2015-06-10T02:00:00Z,109,,30,
ww-485,3031668,WW2,Wheat_Winter_KWS,23730,https://doi.org/10.15454/TGCO9E,NORIN 29,VIRTUAL_TRIAL,,,,,18,9,,2015,A,,201,2015-05-16T02:00:00Z,125,,90,
ww-403,3031921,WW2,Wheat_Winter_KWS,23794,https://doi.org/10.15454/1NV565,ODESSKAYA 16,VIRTUAL_TRIAL,,,,,32,16,,2015,A,,220,2015-06-04T02:00:00Z,99,,0,
ww-449,3031603,WW2,Wheat_Winter_KWS,25826,https://doi.org/10.15454/PUBKGM,FANTAZIYA-ODESSKAYA,VIRTUAL_TRIAL,,,,,23,23,,2015,A,,217,2015-06-01T02:00:00Z,98,,70,
ww-362,3031681,WW2,Wheat_Winter_KWS,22965,https://doi.org/10.15454/CY2TIY,GK-SZÖKE,VIRTUAL_TRIAL,,,,,19,8,,2015,,,212,2015-05-27T02:00:00Z,83,,100,
ww-287,3031687,WW2,Wheat_Winter_KWS,21976,https://doi.org/10.15454/WSRMVJ,ATUT-II,VIRTUAL_TRIAL,,,,,19,16,,2015,,,223,2015-06-07T02:00:00Z,98,,90,
ww-357,3031848,WW2,Wheat_Winter_KWS,22840,https://doi.org/10.15454/OLXOYQ,FLINT,VIRTUAL_TRIAL,,,,,28,19,,2015,,,217,2015-06-01T02:00:00Z,115,,100,
ww-280,3031708,WW2,Wheat_Winter_KWS,21614,https://doi.org/10.15454/VT1BHK,11IWSWSN14,VIRTUAL_TRIAL,,,,,20,8,,2015,A,,213,2015-05-28T02:00:00Z,100,,100,
ww-281,3031582,WW2,Wheat_Winter_KWS,21723,https://doi.org/10.15454/4H8LNV,3716-1,VIRTUAL_TRIAL,,,,,23,11,,2015,,,212,2015-05-27T02:00:00Z,92,,100,
ww-282,3031605,WW2,Wheat_Winter_KWS,21776,https://doi.org/10.15454/CQ22CM,CH62022,VIRTUAL_TRIAL,,,,,29,18,,2015,,,221,2015-06-05T02:00:00Z,100,,100,
ww-283,3031731,WW2,Wheat_Winter_KWS,21854,https://doi.org/10.15454/T1AVRH,AFRICA MAYO,VIRTUAL_TRIAL,,,,,21,19,,2015,A,,208,2015-05-23T02:00:00Z,112,,10,
ww-029,3031631,WW2,Wheat_Winter_KWS,21965,https://doi.org/10.15454/CWHFEF,ASAKAZE KOMUGI,VIRTUAL_TRIAL,,,,,16,10,,2015,A,,199,2015-05-14T02:00:00Z,110,,100,
ww-332,3031862,WW2,Wheat_Winter_KWS,22104,https://doi.org/10.15454/XAO56E,BIRGITTA,VIRTUAL_TRIAL,,,,,29,2,,2015,,,221,2015-06-05T02:00:00Z,149,,5,
ww-068,3031479,WW2,Wheat_Winter_KWS,48108,https://doi.org/10.15454/TXCPYU,VICTO,VIRTUAL_TRIAL,,,,,2,14,,2015,A,,215,2015-05-30T02:00:00Z,61,,100,
ww-159,3031520,WW2,Wheat_Winter_KWS,48108,https://doi.org/10.15454/TXCPYU,VICTO,VIRTUAL_TRIAL,,,,,4,19,,2015,A,,217,2015-06-01T02:00:00Z,63,,100,
ww-219,3031515,WW2,Wheat_Winter_KWS,48253,https://doi.org/10.15454/72FJST,IG 42255,VIRTUAL_TRIAL,,,,,4,24,,2015,A,,216,2015-05-31T02:00:00Z,105,,70,
ww-270,3031836,WW2,Wheat_Winter_KWS,48269,https://doi.org/10.15454/VKWOQP,IRAN 417A,VIRTUAL_TRIAL,,,,,27,12,,2015,,,216,2015-05-31T02:00:00Z,120,,0,
ww-509,3031768,WW2,Wheat_Winter_KWS,48284,https://doi.org/10.15454/JU4ZJN,WC740,VIRTUAL_TRIAL,,,,,24,24,,2015,,,221,2015-06-05T02:00:00Z,125,,70,
ww-510,3031739,WW2,Wheat_Winter_KWS,48285,https://doi.org/10.15454/CZS9IU,WC742,VIRTUAL_TRIAL,,,,,22,20,,2015,A,,212,2015-05-27T02:00:00Z,135,,70,
ww-511,3031841,WW2,Wheat_Winter_KWS,48286,https://doi.org/10.15454/CJN35W,ABI,VIRTUAL_TRIAL,,,,,27,18,,2015,A,,215,2015-05-30T02:00:00Z,143,,5,
ww-512,3031891,WW2,Wheat_Winter_KWS,48287,https://doi.org/10.15454/VJGRGC,WC816,VIRTUAL_TRIAL,,,,,30,7,,2015,,,213,2015-05-28T02:00:00Z,138,,100,
ww-059,3031457,WW2,Wheat_Winter_KWS,48338,https://doi.org/10.15454/N5NYQY,SHAMROCK,VIRTUAL_TRIAL,,,,,1,13,,2015,,,220,2015-06-04T02:00:00Z,78,,10,
ww-027,3031593,WW2,Wheat_Winter_KWS,25629,https://doi.org/10.15454/ICT7DY,MV-MAGDALENA,VIRTUAL_TRIAL,,,,,28,11,,2015,A,,221,2015-06-05T02:00:00Z,92,,60,
ww-445,3031873,WW2,Wheat_Winter_KWS,25688,https://doi.org/10.15454/E1CF8Y,ZILVE,VIRTUAL_TRIAL,,,,,29,19,,2015,,,215,2015-05-30T02:00:00Z,118,,80,
ww-148,3031902,WW2,Wheat_Winter_KWS,48111,https://doi.org/10.15454/2YWIOF,BUSSARD,VIRTUAL_TRIAL,,,,,31,7,,2015,,,219,2015-06-03T02:00:00Z,118,,30,
ww-430,3031816,WW2,Wheat_Winter_KWS,25049,https://doi.org/10.15454/GGU6KN,WS-13 CARDENO 34/45,VIRTUAL_TRIAL,,,,,26,12,,2015,A,,211,2015-05-26T02:00:00Z,89,,100,
ww-160,3031762,WW2,Wheat_Winter_KWS,48080,https://doi.org/10.15454/CZFYF9,JB ASANO,VIRTUAL_TRIAL,,,,,23,13,,2015,,,216,2015-05-31T02:00:00Z,80,,80,
ww-319,3031591,WW2,Wheat_Winter_KWS,21900,https://doi.org/10.15454/9U8FBG,AMIFORT,VIRTUAL_TRIAL,,,,,29,23,,2015,,,215,2015-05-30T02:00:00Z,80,,30,
ww-028,3031697,WW2,Wheat_Winter_KWS,48148,https://doi.org/10.15454/XWQR5G,MARTONVASARI 9KR1,VIRTUAL_TRIAL,,,,,20,21,,2015,,,213,2015-05-28T02:00:00Z,78,,100,
ww-054,3031722,WW2,Wheat_Winter_KWS,24328,https://doi.org/10.15454/ZRMNO2,SOISSONS,VIRTUAL_TRIAL,,,,,21,7,,2015,A,,210,2015-05-25T02:00:00Z,87,,5,
ww-162,3031492,WW2,Wheat_Winter_KWS,26842,https://doi.org/10.15454/HTJP2B,SOGOOD,VIRTUAL_TRIAL,,,,,3,1,,2015,,,218,2015-06-02T02:00:00Z,87,,40,
ww-276,3031821,WW2,Wheat_Winter_KWS,26906,https://doi.org/10.15454/6CYBGM,ALTIGO,VIRTUAL_TRIAL,,,,,26,7,,2015,A,,211,2015-05-26T02:00:00Z,90,,70,
ww-277,3031565,WW2,Wheat_Winter_KWS,27030,https://doi.org/10.15454/SFNXCW,AREZZO,VIRTUAL_TRIAL,,,,,21,10,,2015,A,,213,2015-05-28T02:00:00Z,81,,1,
ww-002,3031654,WW2,Wheat_Winter_KWS,48134,https://doi.org/10.15454/SFKPZZ,STADIUM,VIRTUAL_TRIAL,,,,,17,23,,2015,,,218,2015-06-02T02:00:00Z,85,,70,
ww-003,3031483,WW2,Wheat_Winter_KWS,48135,https://doi.org/10.15454/52SV4T,CALISOL,VIRTUAL_TRIAL,,,,,8,22,,2015,,,212,2015-05-27T02:00:00Z,90,,40,
ww-004,3031904,WW2,Wheat_Winter_KWS,48136,https://doi.org/10.15454/HN9J4A,ZEPHYR,VIRTUAL_TRIAL,,,,,31,9,,2015,A,,213,2015-05-28T02:00:00Z,70,,10,
ww-203,3031467,WW2,Wheat_Winter_KWS,48238,https://doi.org/10.15454/QVKVAW,MERSIYE,VIRTUAL_TRIAL,,,,,6,9,,2015,A,,219,2015-06-03T02:00:00Z,111,,20,
ww-204,3031924,WW2,Wheat_Winter_KWS,48239,https://doi.org/10.15454/KZYWNO,BALCALI-85,VIRTUAL_TRIAL,,,,,32,9,,2015,A,,212,2015-05-27T02:00:00Z,83,,10,
ww-205,3031706,WW2,Wheat_Winter_KWS,48240,https://doi.org/10.15454/MH5QCF,BALCALI-2000,VIRTUAL_TRIAL,,,,,20,10,,2015,A,,215,2015-05-30T02:00:00Z,75,,60,
ww-253,3031646,WW2,Wheat_Winter_KWS,48317,https://doi.org/10.15454/EUIXVF,ID05 EP001-1,VIRTUAL_TRIAL,,,,,17,11,,2015,A,,225,2015-06-09T02:00:00Z,115,,0,
ww-254,3031922,WW2,Wheat_Winter_KWS,48318,https://doi.org/10.15454/AFBXOT,ID492 EP051-2,VIRTUAL_TRIAL,,,,,32,13,,2015,A,,230,2015-06-14T02:00:00Z,92,,0,
ww-228,3031447,WW2,Wheat_Winter_KWS,48261,https://doi.org/10.15454/CWDLWV,TJK2006:205,VIRTUAL_TRIAL,,,,,1,3,,2015,A,,207,2015-05-22T02:00:00Z,125,,100,
ww-066,3031871,WW2,Wheat_Winter_KWS,48155,https://doi.org/10.15454/TGDSP9,SYNTHETICS R93,VIRTUAL_TRIAL,,,,,29,14,,2015,A,,215,2015-05-30T02:00:00Z,102,,90,
ww-256,3031778,WW2,Wheat_Winter_KWS,48295,https://doi.org/10.15454/IPYMRU,TR106 TP041-TP045,VIRTUAL_TRIAL,,,,,24,14,,2015,A,,231,2015-06-15T02:00:00Z,123,,0,
ww-269,3031919,WW2,Wheat_Winter_KWS,48296,https://doi.org/10.15454/BNZZLN,TR104 TP031-TP034,VIRTUAL_TRIAL,,,,,32,18,,2015,A,,231,2015-06-15T02:00:00Z,115,,0,
ww-241,3031771,WW2,Wheat_Winter_KWS,48264,https://doi.org/10.15454/5CNO1V,I12,VIRTUAL_TRIAL,,,,,24,21,,2015,,,205,2015-05-20T02:00:00Z,129,,100,
ww-265,3031678,WW2,Wheat_Winter_KWS,48265,https://doi.org/10.15454/EH50GH,97,VIRTUAL_TRIAL,,,,,19,5,,2015,A,,221,2015-06-05T02:00:00Z,145,,90,
ww-271,3031569,WW2,Wheat_Winter_KWS,48268,https://doi.org/10.15454/I1GRWG,RECHBERG'S FRUHER DINKEL,VIRTUAL_TRIAL,,,,,30,21,,2015,,,218,2015-06-02T02:00:00Z,128,,80,
ww-240,3031677,WW2,Wheat_Winter_KWS,48309,https://doi.org/10.15454/DUJSRI,TR 177,VIRTUAL_TRIAL,,,,,19,3,,2015,A,,217,2015-06-01T02:00:00Z,130,,20,
