observationunitname,observationunitdbid,studydbid,studyname,germplasmdbid,germplasmpui,germplasmname,observationlevel,replicate,block,plot,plant,x,y,observationlevels,water_regime,season,ASI_D20deg(MIPO:0000026),ASI_D20deg(MIPO:0000026).date,FFLW_D20deg(MIPO:0000024),FFLW_D20deg(MIPO:0000024).date,GN(MIPO:0000017),GN(MIPO:0000017).date,GY_Adj_tha(MIPO:0000018),GY_Adj_tha(MIPO:0000018).date,KW(MIPO:0000012),KW(MIPO:0000012).date,MFLW_D20deg(MIPO:0000025),MFLW_D20deg(MIPO:0000025).date,ear_height(MIPO:0000007),ear_height(MIPO:0000007).date,plant_height(MIPO:0000006),plant_height(MIPO:0000006).date,tassel_height(MIPO:0000014),tassel_height(MIPO:0000014).date
37,3341833,Kar11,KWS Karlsruhe 2011,127473,https://doi.org/10.15454/WZXITF,PHH93_H,REPLICATE>BLOCK>PLOT,,,37,,8,4,"REPLICATE>BLOCK>PLOT:37,REPLICATE>BLOCK:8,REPLICATE:1",watered,2011,"0,00000000000",,"69,7957287632",,5657.4923547401,,11.1261176471,,196.6616470588,,"69,7957287632",,125,,245,,280,
196,3342026,Kar11,KWS Karlsruhe 2011,127438,https://doi.org/10.15454/CCDUCG,PHG39_H,REPLICATE>BLOCK>PLOT,,,196,,10,10,"REPLICATE>BLOCK>PLOT:196,REPLICATE>BLOCK:9,REPLICATE:2",rainfed,2011,"0,00000000000",,"75,5445670441",,3888.8888888889,,9.5803921569,,246.3529411765,,"75,5445670441",,115,,235,,280,
108,3341920,Kar11,KWS Karlsruhe 2011,127438,https://doi.org/10.15454/CCDUCG,PHG39_H,REPLICATE>BLOCK>PLOT,,,108,,1,13,"REPLICATE>BLOCK>PLOT:108,REPLICATE>BLOCK:2,REPLICATE:1",rainfed,2011,"0,00000000000",,"75,5445670441",,4474.2729306488,,11.0117647059,,246.1129411765,,"75,5445670441",,115,,245,,280,
75,3341879,Kar11,KWS Karlsruhe 2011,127438,https://doi.org/10.15454/CCDUCG,PHG39_H,REPLICATE>BLOCK>PLOT,,,75,,15,5,"REPLICATE>BLOCK>PLOT:75,REPLICATE>BLOCK:5,REPLICATE:2",watered,2011,"0,00000000000",,"75,5445670441",,4320.987654321,,11.1438627451,,257.9008235294,,"75,5445670441",,125,,255,,290,
39,3341835,Kar11,KWS Karlsruhe 2011,127438,https://doi.org/10.15454/CCDUCG,PHG39_H,REPLICATE>BLOCK>PLOT,,,39,,8,2,"REPLICATE>BLOCK>PLOT:39,REPLICATE>BLOCK:8,REPLICATE:1",watered,2011,"0,00000000000",,"75,5445670441",,4193.5483870968,,11.2167058824,,267.4752941176,,"75,5445670441",,120,,250,,285,
217,3342053,Kar11,KWS Karlsruhe 2011,127400,https://doi.org/10.15454/P5UIAJ,B73_H,REPLICATE>BLOCK>PLOT,,,217,,12,9,"REPLICATE>BLOCK>PLOT:217,REPLICATE>BLOCK:3,REPLICATE:3",rainfed,2011,"0,00000000000",,"75,5445670441",,4434.4882516926,,10.1277555556,,228.3861176471,,"75,5445670441",,115,,255,,290,
158,3341981,Kar11,KWS Karlsruhe 2011,127400,https://doi.org/10.15454/P5UIAJ,B73_H,REPLICATE>BLOCK>PLOT,,,158,,6,8,"REPLICATE>BLOCK>PLOT:158,REPLICATE>BLOCK:1,REPLICATE:2",rainfed,2011,"-1,99749703060",,"74,6750897719",,5038.0008261049,,10.9470067974,,217.2887058824,,"72,6775927413",,135,,270,,300,
113,3341926,Kar11,KWS Karlsruhe 2011,127400,https://doi.org/10.15454/P5UIAJ,B73_H,REPLICATE>BLOCK>PLOT,,,113,,2,13,"REPLICATE>BLOCK>PLOT:113,REPLICATE>BLOCK:4,REPLICATE:1",rainfed,2011,"-0,91351262490",,"72,6775927413",,4050.5388331475,,10.0365490196,,247.7830588235,,"71,7640801164",,125,,250,,285,
99,3341908,Kar11,KWS Karlsruhe 2011,127400,https://doi.org/10.15454/P5UIAJ,B73_H,REPLICATE>BLOCK>PLOT,,,99,,20,2,"REPLICATE>BLOCK>PLOT:99,REPLICATE>BLOCK:10,REPLICATE:2",watered,2011,"-1,09820744290",,"70,8939362061",,4792.3789173789,,12.6777253595,,264.5392941176,,"69,7957287632",,135,,265,,310,
48,3341846,Kar11,KWS Karlsruhe 2011,127400,https://doi.org/10.15454/P5UIAJ,B73_H,REPLICATE>BLOCK>PLOT,,,48,,10,3,"REPLICATE>BLOCK>PLOT:48,REPLICATE>BLOCK:10,REPLICATE:1",watered,2011,"-1,78365653520",,"72,6775927413",,4456.4564564565,,11.5135121569,,258.3557647059,,"70,8939362061",,120,,255,,295,
212,3342047,Kar11,KWS Karlsruhe 2011,127400,https://doi.org/10.15454/P5UIAJ,B73_H,REPLICATE>BLOCK>PLOT,,,212,,12,14,"REPLICATE>BLOCK>PLOT:212,REPLICATE>BLOCK:4,REPLICATE:3",rainfed,2011,"-0,91351262490",,"72,6775927413",,4914.2857142857,,11.4434635294,,232.8611764706,,"71,7640801164",,110,,255,,275,
154,3341976,Kar11,KWS Karlsruhe 2011,127400,https://doi.org/10.15454/P5UIAJ,B73_H,REPLICATE>BLOCK>PLOT,,,154,,6,12,"REPLICATE>BLOCK>PLOT:154,REPLICATE>BLOCK:2,REPLICATE:2",rainfed,2011,"-1,78365653520",,"72,6775927413",,4829.6568627451,,10.9374341176,,226.464,,"70,8939362061",,140,,245,,285,
121,3341935,Kar11,KWS Karlsruhe 2011,127400,https://doi.org/10.15454/P5UIAJ,B73_H,REPLICATE>BLOCK>PLOT,,,121,,3,6,"REPLICATE>BLOCK>PLOT:121,REPLICATE>BLOCK:5,REPLICATE:1",rainfed,2011,"-0,91351262490",,"72,6775927413",,4458.5719740359,,10.7855793464,,241.9065882353,,"71,7640801164",,120,,250,,285,
69,3341872,Kar11,KWS Karlsruhe 2011,127400,https://doi.org/10.15454/P5UIAJ,B73_H,REPLICATE>BLOCK>PLOT,,,69,,14,2,"REPLICATE>BLOCK>PLOT:69,REPLICATE>BLOCK:4,REPLICATE:2",watered,2011,"-1,78365653520",,"72,6775927413",,5228.3524904215,,12.9806460131,,248.2741176471,,"70,8939362061",,125,,255,,295,
10,3341800,Kar11,KWS Karlsruhe 2011,127400,https://doi.org/10.15454/P5UIAJ,B73_H,REPLICATE>BLOCK>PLOT,,,10,,2,1,"REPLICATE>BLOCK>PLOT:10,REPLICATE>BLOCK:2,REPLICATE:1",watered,2011,"-0,91351262490",,"72,6775927413",,4917.4174174174,,12.3431111111,,251.008,,"71,7640801164",,120,,250,,285,
186,3342014,Kar11,KWS Karlsruhe 2011,127433,https://doi.org/10.15454/CAPEG4,LAN496_H,REPLICATE>BLOCK>PLOT,,,186,,9,11,"REPLICATE>BLOCK>PLOT:186,REPLICATE>BLOCK:8,REPLICATE:2",rainfed,2011,"0,00000000000",,"75,5445670441",,3012.8205128205,,6.7302156863,,223.3858823529,,"75,5445670441",,125,,240,,280,
116,3341929,Kar11,KWS Karlsruhe 2011,127433,https://doi.org/10.15454/CAPEG4,LAN496_H,REPLICATE>BLOCK>PLOT,,,116,,2,10,"REPLICATE>BLOCK>PLOT:116,REPLICATE>BLOCK:3,REPLICATE:1",rainfed,2011,"-2,86697430280",,"75,5445670441",,3412.4011652102,,7.9727581699,,233.6407058824,,"72,6775927413",,120,,230,,265,
86,3341892,Kar11,KWS Karlsruhe 2011,127433,https://doi.org/10.15454/CAPEG4,LAN496_H,REPLICATE>BLOCK>PLOT,,,86,,18,5,"REPLICATE>BLOCK>PLOT:86,REPLICATE>BLOCK:8,REPLICATE:2",watered,2011,"-1,78365653520",,"72,6775927413",,4010.0250626566,,9.5109019608,,237.1781176471,,"70,8939362061",,120,,250,,280,
23,3341816,Kar11,KWS Karlsruhe 2011,127433,https://doi.org/10.15454/CAPEG4,LAN496_H,REPLICATE>BLOCK>PLOT,,,23,,5,3,"REPLICATE>BLOCK>PLOT:23,REPLICATE>BLOCK:5,REPLICATE:1",watered,2011,"-1,99749703060",,"74,6750897719",,3578.859758635,,8.6607058824,,241.9962352941,,"72,6775927413",,130,,245,,275,
241,3342080,Kar11,KWS Karlsruhe 2011,127434,https://doi.org/10.15454/LLQDYK,EP2008-18_H,REPLICATE>BLOCK>PLOT,,,241,,15,6,"REPLICATE>BLOCK>PLOT:241,REPLICATE>BLOCK:9,REPLICATE:3",rainfed,2011,"-1,78365653520",,"72,6775927413",,3385.4166666667,,9.0311764706,,266.7670588235,,"70,8939362061",,120,,250,,285,
195,3342025,Kar11,KWS Karlsruhe 2011,127434,https://doi.org/10.15454/LLQDYK,EP2008-18_H,REPLICATE>BLOCK>PLOT,,,195,,10,11,"REPLICATE>BLOCK>PLOT:195,REPLICATE>BLOCK:10,REPLICATE:2",rainfed,2011,"0,00000000000",,"72,6775927413",,3289.4736842105,,8.4376470588,,256.5044705882,,"72,6775927413",,115,,250,,290,
102,3341913,Kar11,KWS Karlsruhe 2011,127434,https://doi.org/10.15454/LLQDYK,EP2008-18_H,REPLICATE>BLOCK>PLOT,,,102,,1,7,"REPLICATE>BLOCK>PLOT:102,REPLICATE>BLOCK:1,REPLICATE:1",rainfed,2011,"1,99749703060",,"72,6775927413",,3656.8213783404,,9.7134640523,,265.6258823529,,"74,6750897719",,115,,250,,285,
76,3341880,Kar11,KWS Karlsruhe 2011,127434,https://doi.org/10.15454/LLQDYK,EP2008-18_H,REPLICATE>BLOCK>PLOT,,,76,,16,5,"REPLICATE>BLOCK>PLOT:76,REPLICATE>BLOCK:6,REPLICATE:2",watered,2011,"0,00000000000",,"70,8939362061",,4492.1158782545,,11.827254902,,263.2891764706,,"70,8939362061",,120,,265,,305,
33,3341828,Kar11,KWS Karlsruhe 2011,127434,https://doi.org/10.15454/LLQDYK,EP2008-18_H,REPLICATE>BLOCK>PLOT,,,33,,7,3,"REPLICATE>BLOCK>PLOT:33,REPLICATE>BLOCK:7,REPLICATE:1",watered,2011,"-0,91351262490",,"72,6775927413",,4564.7558386412,,12.473372549,,273.2538823529,,"71,7640801164",,110,,260,,300,
225,3342062,Kar11,KWS Karlsruhe 2011,127435,https://doi.org/10.15454/OVKBUY,F7081_H,REPLICATE>BLOCK>PLOT,,,225,,13,10,"REPLICATE>BLOCK>PLOT:225,REPLICATE>BLOCK:5,REPLICATE:3",rainfed,2011,"-0,91351262490",,"72,6775927413",,3781.6764132554,,9.1852026144,,242.8870588235,,"71,7640801164",,135,,240,,280,
165,3341989,Kar11,KWS Karlsruhe 2011,127435,https://doi.org/10.15454/OVKBUY,F7081_H,REPLICATE>BLOCK>PLOT,,,165,,7,10,"REPLICATE>BLOCK>PLOT:165,REPLICATE>BLOCK:3,REPLICATE:2",rainfed,2011,"0,00000000000",,"71,7640801164",,4410.5173876166,,9.8072679739,,222.3609411765,,"71,7640801164",,120,,240,,280,
139,3341957,Kar11,KWS Karlsruhe 2011,127435,https://doi.org/10.15454/OVKBUY,F7081_H,REPLICATE>BLOCK>PLOT,,,139,,4,7,"REPLICATE>BLOCK>PLOT:139,REPLICATE>BLOCK:7,REPLICATE:1",rainfed,2011,"-1,09820744290",,"70,8939362061",,4181.1846689896,,10.1618823529,,243.0383529412,,"69,7957287632",,125,,260,,295,
96,3341904,Kar11,KWS Karlsruhe 2011,127435,https://doi.org/10.15454/OVKBUY,F7081_H,REPLICATE>BLOCK>PLOT,,,96,,20,5,"REPLICATE>BLOCK>PLOT:96,REPLICATE>BLOCK:10,REPLICATE:2",watered,2011,"-1,44186298990",,"69,7957287632",,3973.7654320988,,10.2124836601,,256.9976470588,,"68,3538657733",,130,,255,,290,
19,3341811,Kar11,KWS Karlsruhe 2011,127435,https://doi.org/10.15454/OVKBUY,F7081_H,REPLICATE>BLOCK>PLOT,,,19,,4,2,"REPLICATE>BLOCK>PLOT:19,REPLICATE>BLOCK:4,REPLICATE:1",watered,2011,"0,00000000000",,"70,8939362061",,4191.3799920917,,10.4420392157,,249.1312941176,,"70,8939362061",,135,,260,,310,
208,3342042,Kar11,KWS Karlsruhe 2011,127436,https://doi.org/10.15454/MNJOZY,HMV5422_H,REPLICATE>BLOCK>PLOT,,,208,,11,13,"REPLICATE>BLOCK>PLOT:208,REPLICATE>BLOCK:2,REPLICATE:3",rainfed,2011,"1,99749703060",,"72,6775927413",,4759.0601354042,,11.1486470588,,234.2615294118,,"74,6750897719",,130,,285,,325,
159,3341982,Kar11,KWS Karlsruhe 2011,127436,https://doi.org/10.15454/MNJOZY,HMV5422_H,REPLICATE>BLOCK>PLOT,,,159,,6,7,"REPLICATE>BLOCK>PLOT:159,REPLICATE>BLOCK:1,REPLICATE:2",rainfed,2011,"0,00000000000",,"72,6775927413",,5037.3134328358,,11.1970588235,,222.2823529412,,"72,6775927413",,125,,275,,305,
141,3341959,Kar11,KWS Karlsruhe 2011,127436,https://doi.org/10.15454/MNJOZY,HMV5422_H,REPLICATE>BLOCK>PLOT,,,141,,5,6,"REPLICATE>BLOCK>PLOT:141,REPLICATE>BLOCK:9,REPLICATE:1",rainfed,2011,"0,00000000000",,"71,7640801164",,5178.1970649895,,11.4072026144,,220.2929411765,,"71,7640801164",,125,,295,,325,
55,3341855,Kar11,KWS Karlsruhe 2011,127436,https://doi.org/10.15454/MNJOZY,HMV5422_H,REPLICATE>BLOCK>PLOT,,,55,,11,5,"REPLICATE>BLOCK>PLOT:55,REPLICATE>BLOCK:1,REPLICATE:2",watered,2011,"0,00000000000",,"70,8939362061",,4819.0235690236,,11.1805882353,,232.0094117647,,"70,8939362061",,125,,305,,340,
11,3341801,Kar11,KWS Karlsruhe 2011,127436,https://doi.org/10.15454/MNJOZY,HMV5422_H,REPLICATE>BLOCK>PLOT,,,11,,3,1,"REPLICATE>BLOCK>PLOT:11,REPLICATE>BLOCK:3,REPLICATE:1",watered,2011,"0,00000000000",,"72,6775927413",,4678.3625730994,,11.568627451,,247.2794117647,,"72,6775927413",,115,,285,,320,
227,3342063,Kar11,KWS Karlsruhe 2011,127437,https://doi.org/10.15454/GYTVRS,Os426_H,REPLICATE>BLOCK>PLOT,,,227,,13,12,"REPLICATE>BLOCK>PLOT:227,REPLICATE>BLOCK:6,REPLICATE:3",rainfed,2011,"-2,78469224780",,"78,3292592919",,3318.4190902312,,8.4776862745,,255.4736470588,,"75,5445670441",,130,,275,,305,
182,3342010,Kar11,KWS Karlsruhe 2011,127437,https://doi.org/10.15454/GYTVRS,Os426_H,REPLICATE>BLOCK>PLOT,,,182,,9,7,"REPLICATE>BLOCK>PLOT:182,REPLICATE>BLOCK:7,REPLICATE:2",rainfed,2011,"-1,12091443820",,"78,3292592919",,3476.7025089606,,9.1053202614,,261.8952941176,,"77,2083448537",,140,,265,,305,
125,3341940,Kar11,KWS Karlsruhe 2011,127437,https://doi.org/10.15454/GYTVRS,Os426_H,REPLICATE>BLOCK>PLOT,,,125,,3,10,"REPLICATE>BLOCK>PLOT:125,REPLICATE>BLOCK:5,REPLICATE:1",rainfed,2011,"-1,12091443820",,"78,3292592919",,4703.7037037037,,12.1670980392,,258.6705882353,,"77,2083448537",,145,,295,,325,
91,3341898,Kar11,KWS Karlsruhe 2011,127437,https://doi.org/10.15454/GYTVRS,Os426_H,REPLICATE>BLOCK>PLOT,,,91,,19,1,"REPLICATE>BLOCK>PLOT:91,REPLICATE>BLOCK:9,REPLICATE:2",watered,2011,"-2,86697430280",,"75,5445670441",,3861.5664845173,,10.5140915033,,272.2752941176,,"72,6775927413",,160,,300,,335,
9,3341799,Kar11,KWS Karlsruhe 2011,127437,https://doi.org/10.15454/GYTVRS,Os426_H,REPLICATE>BLOCK>PLOT,,,9,,2,2,"REPLICATE>BLOCK>PLOT:9,REPLICATE>BLOCK:2,REPLICATE:1",watered,2011,"0,00000000000",,"75,5445670441",,4369.1148775895,,11.380130719,,260.4676470588,,"75,5445670441",,145,,275,,320,
235,3342073,Kar11,KWS Karlsruhe 2011,127439,https://doi.org/10.15454/J1WKMB,F7001_H,REPLICATE>BLOCK>PLOT,,,235,,14,11,"REPLICATE>BLOCK>PLOT:235,REPLICATE>BLOCK:8,REPLICATE:3",rainfed,2011,"-0,91351262490",,"72,6775927413",,4328.165374677,,9.6151568627,,222.1531764706,,"71,7640801164",,130,,270,,300,
180,3342007,Kar11,KWS Karlsruhe 2011,127439,https://doi.org/10.15454/J1WKMB,F7001_H,REPLICATE>BLOCK>PLOT,,,180,,8,6,"REPLICATE>BLOCK>PLOT:180,REPLICATE>BLOCK:5,REPLICATE:2",rainfed,2011,"-0,91351262490",,"72,6775927413",,3438.1551362683,,7.8505620915,,228.3364705882,,"71,7640801164",,135,,255,,295,
130,3341946,Kar11,KWS Karlsruhe 2011,127439,https://doi.org/10.15454/J1WKMB,F7001_H,REPLICATE>BLOCK>PLOT,,,130,,3,15,"REPLICATE>BLOCK>PLOT:130,REPLICATE>BLOCK:6,REPLICATE:1",rainfed,2011,"-0,91351262490",,"72,6775927413",,4256.2724014337,,9.0218954248,,211.9670588235,,"71,7640801164",,145,,275,,305,
85,3341891,Kar11,KWS Karlsruhe 2011,127439,https://doi.org/10.15454/J1WKMB,F7001_H,REPLICATE>BLOCK>PLOT,,,85,,17,5,"REPLICATE>BLOCK>PLOT:85,REPLICATE>BLOCK:7,REPLICATE:2",watered,2011,"-1,78365653520",,"72,6775927413",,4276.8959435626,,9.6721045752,,226.1477647059,,"70,8939362061",,140,,275,,305,
29,3341823,Kar11,KWS Karlsruhe 2011,127439,https://doi.org/10.15454/J1WKMB,F7001_H,REPLICATE>BLOCK>PLOT,,,29,,6,2,"REPLICATE>BLOCK>PLOT:29,REPLICATE>BLOCK:6,REPLICATE:1",watered,2011,"0,00000000000",,"70,8939362061",,4204.2042042042,,9.7385098039,,231.6374117647,,"70,8939362061",,125,,275,,305,
202,3342035,Kar11,KWS Karlsruhe 2011,127440,https://doi.org/10.15454/VUPKKL,LH74_H,REPLICATE>BLOCK>PLOT,,,202,,11,7,"REPLICATE>BLOCK>PLOT:202,REPLICATE>BLOCK:1,REPLICATE:3",rainfed,2011,"-0,72449133910",,"77,2083448537",,4164.4763042613,,9.7557658824,,234.2615294118,,"76,4838535146",,115,,245,,275,
193,3342023,Kar11,KWS Karlsruhe 2011,127440,https://doi.org/10.15454/VUPKKL,LH74_H,REPLICATE>BLOCK>PLOT,,,193,,10,13,"REPLICATE>BLOCK>PLOT:193,REPLICATE>BLOCK:10,REPLICATE:2",rainfed,2011,"0,00000000000",,"75,5445670441",,4007.9365079365,,9.590379085,,239.2847058824,,"75,5445670441",,115,,230,,270,
114,3341927,Kar11,KWS Karlsruhe 2011,127440,https://doi.org/10.15454/VUPKKL,LH74_H,REPLICATE>BLOCK>PLOT,,,114,,2,12,"REPLICATE>BLOCK>PLOT:114,REPLICATE>BLOCK:4,REPLICATE:1",rainfed,2011,"0,00000000000",,"74,6750897719",,3896.6049382716,,9.6233856209,,246.9684705882,,"74,6750897719",,120,,255,,290,
88,3341895,Kar11,KWS Karlsruhe 2011,127440,https://doi.org/10.15454/VUPKKL,LH74_H,REPLICATE>BLOCK>PLOT,,,88,,18,3,"REPLICATE>BLOCK>PLOT:88,REPLICATE>BLOCK:8,REPLICATE:2",watered,2011,"-0,87014391030",,"71,7640801164",,3976.2170196953,,10.7685359477,,270.8236470588,,"70,8939362061",,120,,260,,295,
50,3341848,Kar11,KWS Karlsruhe 2011,127440,https://doi.org/10.15454/VUPKKL,LH74_H,REPLICATE>BLOCK>PLOT,,,50,,10,1,"REPLICATE>BLOCK>PLOT:50,REPLICATE>BLOCK:10,REPLICATE:1",watered,2011,"-0,91351262490",,"72,6775927413",,4141.0414104141,,10.0221045752,,242.0189411765,,"71,7640801164",,130,,250,,285,
240,3342079,Kar11,KWS Karlsruhe 2011,127441,https://doi.org/10.15454/DB5QJS,HMV5405_H,REPLICATE>BLOCK>PLOT,,,240,,14,6,"REPLICATE>BLOCK>PLOT:240,REPLICATE>BLOCK:7,REPLICATE:3",rainfed,2011,"0,00000000000",,"71,7640801164",,4018.5185185185,,10.6074705882,,263.9647058824,,"71,7640801164",,125,,235,,270,
162,3341986,Kar11,KWS Karlsruhe 2011,127441,https://doi.org/10.15454/DB5QJS,HMV5405_H,REPLICATE>BLOCK>PLOT,,,162,,7,7,"REPLICATE>BLOCK>PLOT:162,REPLICATE>BLOCK:3,REPLICATE:2",rainfed,2011,"1,78365653520",,"70,8939362061",,3014.3708377147,,8.2323921569,,273.1048235294,,"72,6775927413",,125,,245,,290,
134,3341951,Kar11,KWS Karlsruhe 2011,127441,https://doi.org/10.15454/DB5QJS,HMV5405_H,REPLICATE>BLOCK>PLOT,,,134,,4,12,"REPLICATE>BLOCK>PLOT:134,REPLICATE>BLOCK:8,REPLICATE:1",rainfed,2011,"1,23221908560",,"72,6775927413",,3164.0912435614,,8.3178300654,,262.8821176471,,"73,9098118269",,125,,250,,285,
78,3341883,Kar11,KWS Karlsruhe 2011,127441,https://doi.org/10.15454/DB5QJS,HMV5405_H,REPLICATE>BLOCK>PLOT,,,78,,16,3,"REPLICATE>BLOCK>PLOT:78,REPLICATE>BLOCK:6,REPLICATE:2",watered,2011,"-1,09820744290",,"70,8939362061",,3878.0663780664,,10.8582026144,,279.9901176471,,"69,7957287632",,125,,260,,305,
2,3341791,Kar11,KWS Karlsruhe 2011,127441,https://doi.org/10.15454/DB5QJS,HMV5405_H,REPLICATE>BLOCK>PLOT,,,2,,1,2,"REPLICATE>BLOCK>PLOT:2,REPLICATE>BLOCK:1,REPLICATE:1",watered,2011,"0,00000000000",,"70,8939362061",,3767.3611111111,,10.8315620915,,287.5105882353,,"70,8939362061",,140,,255,,290,
244,3342083,Kar11,KWS Karlsruhe 2011,127442,https://doi.org/10.15454/RPM9FH,F924_H,REPLICATE>BLOCK>PLOT,,,244,,15,9,"REPLICATE>BLOCK>PLOT:244,REPLICATE>BLOCK:9,REPLICATE:3",rainfed,2011,"0,86947727220",,"74,6750897719",,5174.4885679904,,11.8882352941,,229.7470588235,,"75,5445670441",,115,,250,,280,
157,3341980,Kar11,KWS Karlsruhe 2011,127442,https://doi.org/10.15454/RPM9FH,F924_H,REPLICATE>BLOCK>PLOT,,,157,,6,9,"REPLICATE>BLOCK>PLOT:157,REPLICATE>BLOCK:1,REPLICATE:2",rainfed,2011,"0,00000000000",,"72,6775927413",,5060.2928509905,,10.7439542484,,212.3188235294,,"72,6775927413",,130,,270,,300,
149,3341969,Kar11,KWS Karlsruhe 2011,127442,https://doi.org/10.15454/RPM9FH,F924_H,REPLICATE>BLOCK>PLOT,,,149,,5,14,"REPLICATE>BLOCK>PLOT:149,REPLICATE>BLOCK:10,REPLICATE:1",rainfed,2011,"0,00000000000",,"70,8939362061",,5078.7728026534,,11.3308496732,,223.1021176471,,"70,8939362061",,120,,260,,295,
98,3341907,Kar11,KWS Karlsruhe 2011,127442,https://doi.org/10.15454/RPM9FH,F924_H,REPLICATE>BLOCK>PLOT,,,98,,20,3,"REPLICATE>BLOCK>PLOT:98,REPLICATE>BLOCK:10,REPLICATE:2",watered,2011,"0,00000000000",,"70,8939362061",,5095.785440613,,12.8114640523,,251.4129411765,,"70,8939362061",,130,,285,,310,
43,3341840,Kar11,KWS Karlsruhe 2011,127442,https://doi.org/10.15454/RPM9FH,F924_H,REPLICATE>BLOCK>PLOT,,,43,,9,3,"REPLICATE>BLOCK>PLOT:43,REPLICATE>BLOCK:9,REPLICATE:1",watered,2011,"0,00000000000",,"70,8939362061",,5319.1489361702,,13.1011764706,,246.3021176471,,"70,8939362061",,145,,280,,305,
223,3342060,Kar11,KWS Karlsruhe 2011,127443,https://doi.org/10.15454/BNROZU,EZ40_H,REPLICATE>BLOCK>PLOT,,,223,,13,8,"REPLICATE>BLOCK>PLOT:223,REPLICATE>BLOCK:5,REPLICATE:3",rainfed,2011,"-0,91351262490",,"72,6775927413",,4262.0865139949,,9.2446862745,,216.9051764706,,"71,7640801164",,115,,225,,260,
181,3342008,Kar11,KWS Karlsruhe 2011,127443,https://doi.org/10.15454/BNROZU,EZ40_H,REPLICATE>BLOCK>PLOT,,,181,,9,6,"REPLICATE>BLOCK>PLOT:181,REPLICATE>BLOCK:7,REPLICATE:2",rainfed,2011,"0,00000000000",,"72,6775927413",,4084.9673202614,,9.1777777778,,224.672,,"72,6775927413",,115,,240,,275,
119,3341933,Kar11,KWS Karlsruhe 2011,127443,https://doi.org/10.15454/BNROZU,EZ40_H,REPLICATE>BLOCK>PLOT,,,119,,2,7,"REPLICATE>BLOCK>PLOT:119,REPLICATE>BLOCK:3,REPLICATE:1",rainfed,2011,"-0,87014391030",,"71,7640801164",,4622.71973466,,10.3017254902,,222.8498823529,,"70,8939362061",,120,,235,,265,
52,3341852,Kar11,KWS Karlsruhe 2011,127443,https://doi.org/10.15454/BNROZU,EZ40_H,REPLICATE>BLOCK>PLOT,,,52,,11,2,"REPLICATE>BLOCK>PLOT:52,REPLICATE>BLOCK:1,REPLICATE:2",watered,2011,"0,00000000000",,"70,8939362061",,4793.4690415606,,11.0134067974,,229.7585882353,,"70,8939362061",,120,,240,,275,
21,3341813,Kar11,KWS Karlsruhe 2011,127443,https://doi.org/10.15454/BNROZU,EZ40_H,REPLICATE>BLOCK>PLOT,,,21,,5,1,"REPLICATE>BLOCK>PLOT:21,REPLICATE>BLOCK:5,REPLICATE:1",watered,2011,"-1,09820744290",,"70,8939362061",,5145.9694989107,,11.4225084967,,221.97,,"69,7957287632",,120,,250,,285,
209,3342043,Kar11,KWS Karlsruhe 2011,127444,https://doi.org/10.15454/UX5L2C,W23_H,REPLICATE>BLOCK>PLOT,,,209,,11,14,"REPLICATE>BLOCK>PLOT:209,REPLICATE>BLOCK:2,REPLICATE:3",rainfed,2011,"0,00000000000",,"74,6750897719",,3941.1206077873,,8.0613071895,,204.5435294118,,"74,6750897719",,130,,270,,305,
200,3342031,Kar11,KWS Karlsruhe 2011,127444,https://doi.org/10.15454/UX5L2C,W23_H,REPLICATE>BLOCK>PLOT,,,200,,10,6,"REPLICATE>BLOCK>PLOT:200,REPLICATE>BLOCK:9,REPLICATE:2",rainfed,2011,"-1,99749703060",,"74,6750897719",,4297.2459639126,,8.7353202614,,203.2771764706,,"72,6775927413",,130,,260,,290,
101,3341910,Kar11,KWS Karlsruhe 2011,127444,https://doi.org/10.15454/UX5L2C,W23_H,REPLICATE>BLOCK>PLOT,,,101,,1,6,"REPLICATE>BLOCK>PLOT:101,REPLICATE>BLOCK:1,REPLICATE:1",rainfed,2011,"-1,78365653520",,"72,6775927413",,3870.6739526412,,8.1944444444,,211.7058823529,,"70,8939362061",,120,,255,,295,
92,3341900,Kar11,KWS Karlsruhe 2011,127444,https://doi.org/10.15454/UX5L2C,W23_H,REPLICATE>BLOCK>PLOT,,,92,,19,2,"REPLICATE>BLOCK>PLOT:92,REPLICATE>BLOCK:9,REPLICATE:2",watered,2011,"-1,44186298990",,"69,7957287632",,3975.0957854406,,8.1730588235,,205.6065882353,,"68,3538657733",,140,,275,,315,
32,3341827,Kar11,KWS Karlsruhe 2011,127444,https://doi.org/10.15454/UX5L2C,W23_H,REPLICATE>BLOCK>PLOT,,,32,,7,2,"REPLICATE>BLOCK>PLOT:32,REPLICATE>BLOCK:7,REPLICATE:1",watered,2011,"-1,09820744290",,"70,8939362061",,4149.377593361,,8.8776470588,,213.9512941176,,"69,7957287632",,145,,270,,310,
228,3342065,Kar11,KWS Karlsruhe 2011,127445,https://doi.org/10.15454/HWCPGC,Mo17_H,REPLICATE>BLOCK>PLOT,,,228,,13,13,"REPLICATE>BLOCK>PLOT:228,REPLICATE>BLOCK:6,REPLICATE:3",rainfed,2011,"-1,66377780960",,"77,2083448537",,3229.1666666667,,8.6605490196,,268.1976470588,,"75,5445670441",,120,,250,,285,
179,3342006,Kar11,KWS Karlsruhe 2011,127445,https://doi.org/10.15454/HWCPGC,Mo17_H,REPLICATE>BLOCK>PLOT,,,179,,8,7,"REPLICATE>BLOCK>PLOT:179,REPLICATE>BLOCK:5,REPLICATE:2",rainfed,2011,"-2,78469224780",,"78,3292592919",,3216.3742690059,,9.1183529412,,283.4978823529,,"75,5445670441",,120,,250,,285,
140,3341958,Kar11,KWS Karlsruhe 2011,127445,https://doi.org/10.15454/HWCPGC,Mo17_H,REPLICATE>BLOCK>PLOT,,,140,,4,6,"REPLICATE>BLOCK>PLOT:140,REPLICATE>BLOCK:7,REPLICATE:1",rainfed,2011,"-2,86697430280",,"75,5445670441",,3611.1111111111,,10.2237777778,,283.12,,"72,6775927413",,130,,270,,300,
72,3341876,Kar11,KWS Karlsruhe 2011,127445,https://doi.org/10.15454/HWCPGC,Mo17_H,REPLICATE>BLOCK>PLOT,,,72,,15,2,"REPLICATE>BLOCK>PLOT:72,REPLICATE>BLOCK:5,REPLICATE:2",watered,2011,"-2,86697430280",,"75,5445670441",,3953.6468984322,,11.1087058824,,280.9736470588,,"72,6775927413",,130,,250,,285,
18,3341810,Kar11,KWS Karlsruhe 2011,127445,https://doi.org/10.15454/HWCPGC,Mo17_H,REPLICATE>BLOCK>PLOT,,,18,,4,3,"REPLICATE>BLOCK>PLOT:18,REPLICATE>BLOCK:4,REPLICATE:1",watered,2011,"-2,86697430280",,"75,5445670441",,3714.5650048876,,11.0170196078,,296.5897647059,,"72,6775927413",,125,,255,,285,
248,3342088,Kar11,KWS Karlsruhe 2011,127473,https://doi.org/10.15454/WZXITF,PHH93_H,REPLICATE>BLOCK>PLOT,,,248,,15,13,"REPLICATE>BLOCK>PLOT:248,REPLICATE>BLOCK:10,REPLICATE:3",rainfed,2011,"-1,23221908560",,"73,9098118269",,3742.6900584795,,9.0315294118,,241.3111764706,,"72,6775927413",,120,,260,,290,
187,3342016,Kar11,KWS Karlsruhe 2011,127473,https://doi.org/10.15454/WZXITF,PHH93_H,REPLICATE>BLOCK>PLOT,,,187,,9,12,"REPLICATE>BLOCK>PLOT:187,REPLICATE>BLOCK:8,REPLICATE:2",rainfed,2011,"-0,91351262490",,"72,6775927413",,3374.3475018643,,8.573248366,,254.0712941176,,"71,7640801164",,110,,240,,280,
126,3341941,Kar11,KWS Karlsruhe 2011,127473,https://doi.org/10.15454/WZXITF,PHH93_H,REPLICATE>BLOCK>PLOT,,,126,,3,11,"REPLICATE>BLOCK>PLOT:126,REPLICATE>BLOCK:6,REPLICATE:1",rainfed,2011,"-1,78365653520",,"72,6775927413",,3987.6113046845,,9.7856732026,,245.4018823529,,"70,8939362061",,125,,260,,295,
62,3341864,Kar11,KWS Karlsruhe 2011,127473,https://doi.org/10.15454/WZXITF,PHH93_H,REPLICATE>BLOCK>PLOT,,,62,,13,2,"REPLICATE>BLOCK>PLOT:62,REPLICATE>BLOCK:3,REPLICATE:2",watered,2011,"-1,44186298990",,"69,7957287632",,3771.6615698267,,10.8489803922,,287.6445882353,,"68,3538657733",,125,,255,,290,
214,3342049,Kar11,KWS Karlsruhe 2011,127438,https://doi.org/10.15454/CCDUCG,PHG39_H,REPLICATE>BLOCK>PLOT,,,214,,12,12,"REPLICATE>BLOCK>PLOT:214,REPLICATE>BLOCK:4,REPLICATE:3",rainfed,2011,"0,00000000000",,"75,5445670441",,3664.7173489279,,8.7745620915,,239.4335294118,,"75,5445670441",,125,,265,,295,
220,3342056,Kar11,KWS Karlsruhe 2011,127401,https://doi.org/10.15454/AQWE02,PH207_H,REPLICATE>BLOCK>PLOT,,,220,,12,6,"REPLICATE>BLOCK>PLOT:220,REPLICATE>BLOCK:3,REPLICATE:3",rainfed,2011,"0,00000000000",,"71,7640801164",,3693.8997821351,,9.6011843137,,259.92,,"71,7640801164",,110,,220,,255,
168,3341993,Kar11,KWS Karlsruhe 2011,127401,https://doi.org/10.15454/AQWE02,PH207_H,REPLICATE>BLOCK>PLOT,,,168,,7,13,"REPLICATE>BLOCK>PLOT:168,REPLICATE>BLOCK:4,REPLICATE:2",rainfed,2011,"1,09820744290",,"69,7957287632",,3364.6322378717,,8.3830326797,,249.1515294118,,"70,8939362061",,125,,245,,285,
109,3341921,Kar11,KWS Karlsruhe 2011,127401,https://doi.org/10.15454/AQWE02,PH207_H,REPLICATE>BLOCK>PLOT,,,109,,1,14,"REPLICATE>BLOCK>PLOT:109,REPLICATE>BLOCK:2,REPLICATE:1",rainfed,2011,"-1,44186298990",,"69,7957287632",,3703.7037037037,,8.9850980392,,242.5976470588,,"68,3538657733",,110,,240,,270,
59,3341860,Kar11,KWS Karlsruhe 2011,127401,https://doi.org/10.15454/AQWE02,PH207_H,REPLICATE>BLOCK>PLOT,,,59,,12,2,"REPLICATE>BLOCK>PLOT:59,REPLICATE>BLOCK:2,REPLICATE:2",watered,2011,"-1,40110432440",,"68,3538657733",,4074.0740740741,,11.2555882353,,276.2735294118,,"66,9527614489",,130,,245,,280,
27,3341821,Kar11,KWS Karlsruhe 2011,127401,https://doi.org/10.15454/AQWE02,PH207_H,REPLICATE>BLOCK>PLOT,,,27,,6,4,"REPLICATE>BLOCK>PLOT:27,REPLICATE>BLOCK:6,REPLICATE:1",watered,2011,"-1,44186298990",,"69,7957287632",,3434.980722047,,9.7295424837,,283.2488235294,,"68,3538657733",,110,,235,,265,
204,3342037,Kar11,KWS Karlsruhe 2011,127401,https://doi.org/10.15454/AQWE02,PH207_H,REPLICATE>BLOCK>PLOT,,,204,,11,9,"REPLICATE>BLOCK>PLOT:204,REPLICATE>BLOCK:1,REPLICATE:3",rainfed,2011,"-1,78365653520",,"72,6775927413",,4241.1496670172,,11.5400784314,,272.0978823529,,"70,8939362061",,120,,235,,270,
184,3342012,Kar11,KWS Karlsruhe 2011,127401,https://doi.org/10.15454/AQWE02,PH207_H,REPLICATE>BLOCK>PLOT,,,184,,9,9,"REPLICATE>BLOCK>PLOT:184,REPLICATE>BLOCK:7,REPLICATE:2",rainfed,2011,"0,00000000000",,"72,6775927413",,3658.8569400071,,9.6778014379,,264.5034117647,,"72,6775927413",,105,,210,,250,
131,3341947,Kar11,KWS Karlsruhe 2011,127401,https://doi.org/10.15454/AQWE02,PH207_H,REPLICATE>BLOCK>PLOT,,,131,,4,15,"REPLICATE>BLOCK>PLOT:131,REPLICATE>BLOCK:8,REPLICATE:1",rainfed,2011,"-1,44186298990",,"69,7957287632",,3918.1286549708,,9.4969215686,,242.3841176471,,"68,3538657733",,115,,235,,270,
53,3341853,Kar11,KWS Karlsruhe 2011,127401,https://doi.org/10.15454/AQWE02,PH207_H,REPLICATE>BLOCK>PLOT,,,53,,11,3,"REPLICATE>BLOCK>PLOT:53,REPLICATE>BLOCK:1,REPLICATE:2",watered,2011,"-1,40110432440",,"68,3538657733",,3957.6365663322,,10.6611372549,,269.3814117647,,"66,9527614489",,125,,245,,285,
4,3341793,Kar11,KWS Karlsruhe 2011,127401,https://doi.org/10.15454/AQWE02,PH207_H,REPLICATE>BLOCK>PLOT,,,4,,1,4,"REPLICATE>BLOCK>PLOT:4,REPLICATE>BLOCK:1,REPLICATE:1",watered,2011,"-1,44186298990",,"69,7957287632",,3951.1111111111,,11.359095817,,287.4911764706,,"68,3538657733",,125,,240,,280,
239,3342078,Kar11,KWS Karlsruhe 2011,127402,https://doi.org/10.15454/5GN11W,Oh43_H,REPLICATE>BLOCK>PLOT,,,239,,14,7,"REPLICATE>BLOCK>PLOT:239,REPLICATE>BLOCK:7,REPLICATE:3",rainfed,2011,"-2,86697430280",,"75,5445670441",,4345.2380952381,,10.1369803922,,233.2894117647,,"72,6775927413",,115,,240,,270,
198,3342029,Kar11,KWS Karlsruhe 2011,127402,https://doi.org/10.15454/5GN11W,Oh43_H,REPLICATE>BLOCK>PLOT,,,198,,10,8,"REPLICATE>BLOCK>PLOT:198,REPLICATE>BLOCK:9,REPLICATE:2",rainfed,2011,"0,00000000000",,"75,5445670441",,4074.0740740741,,9.3148431373,,228.6370588235,,"75,5445670441",,115,,245,,280,
148,3341968,Kar11,KWS Karlsruhe 2011,127402,https://doi.org/10.15454/5GN11W,Oh43_H,REPLICATE>BLOCK>PLOT,,,148,,5,13,"REPLICATE>BLOCK>PLOT:148,REPLICATE>BLOCK:10,REPLICATE:1",rainfed,2011,"0,00000000000",,"72,6775927413",,3673.2456140351,,9.246,,251.712,,"72,6775927413",,120,,255,,285,
95,3341903,Kar11,KWS Karlsruhe 2011,127402,https://doi.org/10.15454/5GN11W,Oh43_H,REPLICATE>BLOCK>PLOT,,,95,,19,5,"REPLICATE>BLOCK>PLOT:95,REPLICATE>BLOCK:9,REPLICATE:2",watered,2011,"0,00000000000",,"70,8939362061",,4808.429118774,,11.9069150327,,247.6258823529,,"70,8939362061",,130,,280,,310,
44,3341841,Kar11,KWS Karlsruhe 2011,127402,https://doi.org/10.15454/5GN11W,Oh43_H,REPLICATE>BLOCK>PLOT,,,44,,9,4,"REPLICATE>BLOCK>PLOT:44,REPLICATE>BLOCK:9,REPLICATE:1",watered,2011,"0,00000000000",,"70,8939362061",,4312.3543123543,,10.7488627451,,249.2574117647,,"70,8939362061",,115,,255,,295,
176,3342002,Kar11,KWS Karlsruhe 2011,127403,https://doi.org/10.15454/EW2AP2,W64A_H,REPLICATE>BLOCK>PLOT,,,176,,8,10,"REPLICATE>BLOCK>PLOT:176,REPLICATE>BLOCK:5,REPLICATE:2",rainfed,2011,"-2,86697430280",,"75,5445670441",,4250.8417508418,,9.2986013072,,218.7472941176,,"72,6775927413",,115,,235,,270,
117,3341931,Kar11,KWS Karlsruhe 2011,127403,https://doi.org/10.15454/EW2AP2,W64A_H,REPLICATE>BLOCK>PLOT,,,117,,2,9,"REPLICATE>BLOCK>PLOT:117,REPLICATE>BLOCK:3,REPLICATE:1",rainfed,2011,"-1,78365653520",,"72,6775927413",,4040.404040404,,9.7528888889,,241.384,,"70,8939362061",,120,,245,,280,
74,3341878,Kar11,KWS Karlsruhe 2011,127403,https://doi.org/10.15454/EW2AP2,W64A_H,REPLICATE>BLOCK>PLOT,,,74,,15,4,"REPLICATE>BLOCK>PLOT:74,REPLICATE>BLOCK:5,REPLICATE:2",watered,2011,"-1,78365653520",,"72,6775927413",,4107.9812206573,,10.1678431373,,247.5143529412,,"70,8939362061",,125,,240,,280,
22,3341815,Kar11,KWS Karlsruhe 2011,127403,https://doi.org/10.15454/EW2AP2,W64A_H,REPLICATE>BLOCK>PLOT,,,22,,5,2,"REPLICATE>BLOCK>PLOT:22,REPLICATE>BLOCK:5,REPLICATE:1",watered,2011,"-1,78365653520",,"72,6775927413",,4251.9053349378,,10.2660653595,,241.4462352941,,"70,8939362061",,120,,250,,290,
222,3342059,Kar11,KWS Karlsruhe 2011,127404,https://doi.org/10.15454/YLEAQG,Oh33_H,REPLICATE>BLOCK>PLOT,,,222,,13,7,"REPLICATE>BLOCK>PLOT:222,REPLICATE>BLOCK:5,REPLICATE:3",rainfed,2011,"0,00000000000",,"75,5445670441",,3317.6285826463,,8.2666405229,,249.1731764706,,"75,5445670441",,110,,245,,270,
152,3341974,Kar11,KWS Karlsruhe 2011,127404,https://doi.org/10.15454/YLEAQG,Oh33_H,REPLICATE>BLOCK>PLOT,,,152,,6,14,"REPLICATE>BLOCK>PLOT:152,REPLICATE>BLOCK:2,REPLICATE:2",rainfed,2011,"-0,87014391030",,"71,7640801164",,3683.3536833537,,9.0050457516,,244.4795294118,,"70,8939362061",,120,,260,,295,
103,3341914,Kar11,KWS Karlsruhe 2011,127404,https://doi.org/10.15454/YLEAQG,Oh33_H,REPLICATE>BLOCK>PLOT,,,103,,1,8,"REPLICATE>BLOCK>PLOT:103,REPLICATE>BLOCK:1,REPLICATE:1",rainfed,2011,"0,76527794500",,"73,9098118269",,3550.5430242272,,8.5011111111,,239.4312941176,,"74,6750897719",,130,,255,,285,
83,3341889,Kar11,KWS Karlsruhe 2011,127404,https://doi.org/10.15454/YLEAQG,Oh33_H,REPLICATE>BLOCK>PLOT,,,83,,17,3,"REPLICATE>BLOCK>PLOT:83,REPLICATE>BLOCK:7,REPLICATE:2",watered,2011,"-1,78365653520",,"72,6775927413",,3998.3164983165,,9.7756862745,,244.4950588235,,"70,8939362061",,140,,275,,320,
35,3341830,Kar11,KWS Karlsruhe 2011,127404,https://doi.org/10.15454/YLEAQG,Oh33_H,REPLICATE>BLOCK>PLOT,,,35,,7,5,"REPLICATE>BLOCK>PLOT:35,REPLICATE>BLOCK:7,REPLICATE:1",watered,2011,"0,00000000000",,"72,6775927413",,4071.2468193384,,9.8798431373,,242.6736470588,,"72,6775927413",,110,,250,,290,
207,3342041,Kar11,KWS Karlsruhe 2011,127405,https://doi.org/10.15454/FLE1RA,EZ47_H,REPLICATE>BLOCK>PLOT,,,207,,11,12,"REPLICATE>BLOCK>PLOT:207,REPLICATE>BLOCK:2,REPLICATE:3",rainfed,2011,"0,00000000000",,"74,6750897719",,3623.1884057971,,8.2870588235,,228.7228235294,,"74,6750897719",,145,,260,,290,
172,3341998,Kar11,KWS Karlsruhe 2011,127405,https://doi.org/10.15454/FLE1RA,EZ47_H,REPLICATE>BLOCK>PLOT,,,172,,8,14,"REPLICATE>BLOCK>PLOT:172,REPLICATE>BLOCK:6,REPLICATE:2",rainfed,2011,"-1,78365653520",,"72,6775927413",,3865.6527249683,,8.5041176471,,219.9917647059,,"70,8939362061",,125,,245,,285,
137,3341955,Kar11,KWS Karlsruhe 2011,127405,https://doi.org/10.15454/FLE1RA,EZ47_H,REPLICATE>BLOCK>PLOT,,,137,,4,9,"REPLICATE>BLOCK>PLOT:137,REPLICATE>BLOCK:7,REPLICATE:1",rainfed,2011,"-1,99749703060",,"74,6750897719",,4120.5412054121,,9.1277647059,,221.5185882353,,"72,6775927413",,115,,245,,285,
68,3341871,Kar11,KWS Karlsruhe 2011,127405,https://doi.org/10.15454/FLE1RA,EZ47_H,REPLICATE>BLOCK>PLOT,,,68,,14,3,"REPLICATE>BLOCK>PLOT:68,REPLICATE>BLOCK:4,REPLICATE:2",watered,2011,"-1,78365653520",,"72,6775927413",,4257.9075425791,,9.9029411765,,232.5776470588,,"70,8939362061",,130,,265,,305,
16,3341807,Kar11,KWS Karlsruhe 2011,127405,https://doi.org/10.15454/FLE1RA,EZ47_H,REPLICATE>BLOCK>PLOT,,,16,,4,5,"REPLICATE>BLOCK>PLOT:16,REPLICATE>BLOCK:4,REPLICATE:1",watered,2011,"-1,78365653520",,"72,6775927413",,4562.0437956204,,10.7897058824,,236.5103529412,,"70,8939362061",,135,,255,,290,
232,3342070,Kar11,KWS Karlsruhe 2011,127406,https://doi.org/10.15454/NPJBWJ,MS153_H,REPLICATE>BLOCK>PLOT,,,232,,14,14,"REPLICATE>BLOCK>PLOT:232,REPLICATE>BLOCK:8,REPLICATE:3",rainfed,2011,"-0,91351262490",,"72,6775927413",,3847.4810213941,,10.3206732026,,268.2449411765,,"71,7640801164",,115,,250,,285,
175,3342001,Kar11,KWS Karlsruhe 2011,127406,https://doi.org/10.15454/NPJBWJ,MS153_H,REPLICATE>BLOCK>PLOT,,,175,,8,11,"REPLICATE>BLOCK>PLOT:175,REPLICATE>BLOCK:6,REPLICATE:2",rainfed,2011,"-1,78365653520",,"72,6775927413",,3754.2662116041,,9.2335294118,,245.9476470588,,"70,8939362061",,120,,230,,265,
142,3341961,Kar11,KWS Karlsruhe 2011,127406,https://doi.org/10.15454/NPJBWJ,MS153_H,REPLICATE>BLOCK>PLOT,,,142,,5,7,"REPLICATE>BLOCK>PLOT:142,REPLICATE>BLOCK:9,REPLICATE:1",rainfed,2011,"-1,78365653520",,"72,6775927413",,3467.9089026915,,9.2420588235,,266.5023529412,,"70,8939362061",,125,,245,,285,
82,3341888,Kar11,KWS Karlsruhe 2011,127406,https://doi.org/10.15454/NPJBWJ,MS153_H,REPLICATE>BLOCK>PLOT,,,82,,17,2,"REPLICATE>BLOCK>PLOT:82,REPLICATE>BLOCK:7,REPLICATE:2",watered,2011,"-2,54007043280",,"70,8939362061",,3687.1693121693,,10.5597058824,,286.3905882353,,"68,3538657733",,130,,260,,310,
13,3341804,Kar11,KWS Karlsruhe 2011,127406,https://doi.org/10.15454/NPJBWJ,MS153_H,REPLICATE>BLOCK>PLOT,,,13,,3,3,"REPLICATE>BLOCK>PLOT:13,REPLICATE>BLOCK:3,REPLICATE:1",watered,2011,"-1,78365653520",,"72,6775927413",,3953.6468984322,,11.2027189542,,283.3515294118,,"70,8939362061",,115,,245,,285,
230,3342067,Kar11,KWS Karlsruhe 2011,127406,https://doi.org/10.15454/NPJBWJ,MS153_H,REPLICATE>BLOCK>PLOT,,,230,,13,15,"REPLICATE>BLOCK>PLOT:230,REPLICATE>BLOCK:6,REPLICATE:3",rainfed,2011,"-0,87014391030",,"71,7640801164",,3635.7458375807,,9.9237254902,,272.9488235294,,"70,8939362061",,110,,240,,275,
170,3341995,Kar11,KWS Karlsruhe 2011,127406,https://doi.org/10.15454/NPJBWJ,MS153_H,REPLICATE>BLOCK>PLOT,,,170,,7,15,"REPLICATE>BLOCK>PLOT:170,REPLICATE>BLOCK:4,REPLICATE:2",rainfed,2011,"0,00000000000",,"70,8939362061",,3635.3467561521,,9.2937254902,,255.6489411765,,"70,8939362061",,125,,260,,295,
143,3341962,Kar11,KWS Karlsruhe 2011,127406,https://doi.org/10.15454/NPJBWJ,MS153_H,REPLICATE>BLOCK>PLOT,,,143,,5,8,"REPLICATE>BLOCK>PLOT:143,REPLICATE>BLOCK:9,REPLICATE:1",rainfed,2011,"0,00000000000",,"70,8939362061",,3095.9752321981,,8.4729411765,,273.676,,"70,8939362061",,120,,250,,290,
65,3341867,Kar11,KWS Karlsruhe 2011,127406,https://doi.org/10.15454/NPJBWJ,MS153_H,REPLICATE>BLOCK>PLOT,,,65,,13,5,"REPLICATE>BLOCK>PLOT:65,REPLICATE>BLOCK:3,REPLICATE:2",watered,2011,"-1,09820744290",,"70,8939362061",,3788.6510363575,,10.7870784314,,284.7208235294,,"69,7957287632",,125,,250,,285,
12,3341803,Kar11,KWS Karlsruhe 2011,127406,https://doi.org/10.15454/NPJBWJ,MS153_H,REPLICATE>BLOCK>PLOT,,,12,,3,2,"REPLICATE>BLOCK>PLOT:12,REPLICATE>BLOCK:3,REPLICATE:1",watered,2011,"-1,78365653520",,"72,6775927413",,3785.4889589905,,10.3228235294,,272.6945882353,,"70,8939362061",,120,,255,,290,
211,3342045,Kar11,KWS Karlsruhe 2011,127407,https://doi.org/10.15454/GAHOFA,A310_H,REPLICATE>BLOCK>PLOT,,,211,,12,15,"REPLICATE>BLOCK>PLOT:211,REPLICATE>BLOCK:4,REPLICATE:3",rainfed,2011,"-1,78365653520",,"72,6775927413",,3411.9328331547,,9.0206928105,,264.3865882353,,"70,8939362061",,130,,260,,290,
188,3342017,Kar11,KWS Karlsruhe 2011,127407,https://doi.org/10.15454/GAHOFA,A310_H,REPLICATE>BLOCK>PLOT,,,188,,9,13,"REPLICATE>BLOCK>PLOT:188,REPLICATE>BLOCK:8,REPLICATE:2",rainfed,2011,"0,00000000000",,"72,6775927413",,3305.2039381153,,8.8925228758,,269.0461176471,,"72,6775927413",,140,,245,,275,
123,3341938,Kar11,KWS Karlsruhe 2011,127407,https://doi.org/10.15454/GAHOFA,A310_H,REPLICATE>BLOCK>PLOT,,,123,,3,8,"REPLICATE>BLOCK>PLOT:123,REPLICATE>BLOCK:5,REPLICATE:1",rainfed,2011,"0,00000000000",,"71,7640801164",,3052.8931487398,,8.081751634,,264.7243529412,,"71,7640801164",,140,,260,,295,
58,3341859,Kar11,KWS Karlsruhe 2011,127407,https://doi.org/10.15454/GAHOFA,A310_H,REPLICATE>BLOCK>PLOT,,,58,,12,3,"REPLICATE>BLOCK>PLOT:58,REPLICATE>BLOCK:2,REPLICATE:2",watered,2011,"-1,09820744290",,"70,8939362061",,3167.0205237084,,8.758130719,,276.5416470588,,"69,7957287632",,130,,265,,300,
8,3341798,Kar11,KWS Karlsruhe 2011,127407,https://doi.org/10.15454/GAHOFA,A310_H,REPLICATE>BLOCK>PLOT,,,8,,2,3,"REPLICATE>BLOCK>PLOT:8,REPLICATE>BLOCK:2,REPLICATE:1",watered,2011,"-1,09820744290",,"70,8939362061",,3015.350877193,,8.1324509804,,269.7016470588,,"69,7957287632",,125,,245,,285,
234,3342072,Kar11,KWS Karlsruhe 2011,127408,https://doi.org/10.15454/MN1MDA,B84_H,REPLICATE>BLOCK>PLOT,,,234,,14,12,"REPLICATE>BLOCK>PLOT:234,REPLICATE>BLOCK:8,REPLICATE:3",rainfed,2011,"0,00000000000",,"75,5445670441",,3255.4847841472,,8.4579869281,,259.8072941176,,"75,5445670441",,120,,255,,290,
191,3342020,Kar11,KWS Karlsruhe 2011,127408,https://doi.org/10.15454/MN1MDA,B84_H,REPLICATE>BLOCK>PLOT,,,191,,10,15,"REPLICATE>BLOCK>PLOT:191,REPLICATE>BLOCK:10,REPLICATE:2",rainfed,2011,"-1,63475521720",,"75,5445670441",,3602.1505376344,,9.4220392157,,261.5670588235,,"73,9098118269",,125,,265,,295,
110,3341922,Kar11,KWS Karlsruhe 2011,127408,https://doi.org/10.15454/MN1MDA,B84_H,REPLICATE>BLOCK>PLOT,,,110,,1,15,"REPLICATE>BLOCK>PLOT:110,REPLICATE>BLOCK:2,REPLICATE:1",rainfed,2011,"-1,66377780960",,"77,2083448537",,NA,,NA,,266.0145882353,,"75,5445670441",,105,,245,,275,
89,3341896,Kar11,KWS Karlsruhe 2011,127408,https://doi.org/10.15454/MN1MDA,B84_H,REPLICATE>BLOCK>PLOT,,,89,,18,2,"REPLICATE>BLOCK>PLOT:89,REPLICATE>BLOCK:8,REPLICATE:2",watered,2011,"-3,78115356580",,"74,6750897719",,4437.7711044378,,12.4341960784,,280.1901176471,,"70,8939362061",,140,,280,,305,
36,3341831,Kar11,KWS Karlsruhe 2011,127408,https://doi.org/10.15454/MN1MDA,B84_H,REPLICATE>BLOCK>PLOT,,,36,,8,5,"REPLICATE>BLOCK>PLOT:36,REPLICATE>BLOCK:8,REPLICATE:1",watered,2011,"-2,91100965550",,"74,6750897719",,4059.8290598291,,11.057254902,,272.3576470588,,"71,7640801164",,130,,260,,295,
249,3342089,Kar11,KWS Karlsruhe 2011,127409,https://doi.org/10.15454/WBSYN7,F894_H,REPLICATE>BLOCK>PLOT,,,249,,15,14,"REPLICATE>BLOCK>PLOT:249,REPLICATE>BLOCK:10,REPLICATE:3",rainfed,2011,"0,00000000000",,"72,6775927413",,4666.6666666667,,10.8026470588,,231.4852941176,,"72,6775927413",,105,,245,,280,
164,3341988,Kar11,KWS Karlsruhe 2011,127409,https://doi.org/10.15454/WBSYN7,F894_H,REPLICATE>BLOCK>PLOT,,,164,,7,9,"REPLICATE>BLOCK>PLOT:164,REPLICATE>BLOCK:3,REPLICATE:2",rainfed,2011,"-0,86947727220",,"75,5445670441",,4614.0797285836,,10.1034666667,,218.9703529412,,"74,6750897719",,115,,245,,275,
128,3341944,Kar11,KWS Karlsruhe 2011,127409,https://doi.org/10.15454/WBSYN7,F894_H,REPLICATE>BLOCK>PLOT,,,128,,3,13,"REPLICATE>BLOCK>PLOT:128,REPLICATE>BLOCK:6,REPLICATE:1",rainfed,2011,"-0,86947727220",,"75,5445670441",,4877.5153105862,,10.3527385621,,212.2543529412,,"74,6750897719",,125,,250,,280,
79,3341884,Kar11,KWS Karlsruhe 2011,127409,https://doi.org/10.15454/WBSYN7,F894_H,REPLICATE>BLOCK>PLOT,,,79,,16,2,"REPLICATE>BLOCK>PLOT:79,REPLICATE>BLOCK:6,REPLICATE:2",watered,2011,"-1,78365653520",,"72,6775927413",,4353.8219070134,,10.5444444444,,242.1882352941,,"70,8939362061",,135,,260,,300,
26,3341819,Kar11,KWS Karlsruhe 2011,127409,https://doi.org/10.15454/WBSYN7,F894_H,REPLICATE>BLOCK>PLOT,,,26,,6,5,"REPLICATE>BLOCK>PLOT:26,REPLICATE>BLOCK:6,REPLICATE:1",watered,2011,"-0,86947727220",,"75,5445670441",,4751.2670565302,,11.8221865359,,248.8217647059,,"74,6750897719",,125,,265,,290,
238,3342077,Kar11,KWS Karlsruhe 2011,127410,https://doi.org/10.15454/ZJPT9Q,F912_H,REPLICATE>BLOCK>PLOT,,,238,,14,8,"REPLICATE>BLOCK>PLOT:238,REPLICATE>BLOCK:7,REPLICATE:3",rainfed,2011,"-2,86697430280",,"75,5445670441",,4425.2873563218,,10.549,,238.38,,"72,6775927413",,120,,240,,270,
171,3341996,Kar11,KWS Karlsruhe 2011,127410,https://doi.org/10.15454/ZJPT9Q,F912_H,REPLICATE>BLOCK>PLOT,,,171,,8,15,"REPLICATE>BLOCK>PLOT:171,REPLICATE>BLOCK:6,REPLICATE:2",rainfed,2011,"-0,91351262490",,"72,6775927413",,3891.7274939173,,8.9985988235,,231.2237647059,,"71,7640801164",,110,,240,,280,
112,3341925,Kar11,KWS Karlsruhe 2011,127410,https://doi.org/10.15454/ZJPT9Q,F912_H,REPLICATE>BLOCK>PLOT,,,112,,2,14,"REPLICATE>BLOCK>PLOT:112,REPLICATE>BLOCK:4,REPLICATE:1",rainfed,2011,"0,00000000000",,"70,8939362061",,3656.8213783404,,9.6808366013,,264.7336470588,,"70,8939362061",,100,,230,,265,
51,3341849,Kar11,KWS Karlsruhe 2011,127410,https://doi.org/10.15454/ZJPT9Q,F912_H,REPLICATE>BLOCK>PLOT,,,51,,11,1,"REPLICATE>BLOCK>PLOT:51,REPLICATE>BLOCK:1,REPLICATE:2",watered,2011,"-1,44186298990",,"69,7957287632",,4724.2497972425,,11.3819738562,,240.9265882353,,"68,3538657733",,120,,245,,280,
46,3341843,Kar11,KWS Karlsruhe 2011,127410,https://doi.org/10.15454/ZJPT9Q,F912_H,REPLICATE>BLOCK>PLOT,,,46,,10,5,"REPLICATE>BLOCK>PLOT:46,REPLICATE>BLOCK:10,REPLICATE:1",watered,2011,"0,00000000000",,"69,7957287632",,3932.7987781596,,10.1088104575,,257.0385882353,,"69,7957287632",,115,,245,,280,
245,3342084,Kar11,KWS Karlsruhe 2011,127411,https://doi.org/10.15454/KIHXDG,B105_H,REPLICATE>BLOCK>PLOT,,,245,,15,10,"REPLICATE>BLOCK>PLOT:245,REPLICATE>BLOCK:9,REPLICATE:3",rainfed,2011,"-1,99749703060",,"74,6750897719",,4114.5240803944,,9.5011960784,,230.9184705882,,"72,6775927413",,105,,235,,275,
169,3341994,Kar11,KWS Karlsruhe 2011,127411,https://doi.org/10.15454/KIHXDG,B105_H,REPLICATE>BLOCK>PLOT,,,169,,7,14,"REPLICATE>BLOCK>PLOT:169,REPLICATE>BLOCK:4,REPLICATE:2",rainfed,2011,"-1,78365653520",,"72,6775927413",,4369.3159351522,,10.0605555556,,230.2547058824,,"70,8939362061",,110,,255,,290,
132,3341949,Kar11,KWS Karlsruhe 2011,127411,https://doi.org/10.15454/KIHXDG,B105_H,REPLICATE>BLOCK>PLOT,,,132,,4,14,"REPLICATE>BLOCK>PLOT:132,REPLICATE>BLOCK:8,REPLICATE:1",rainfed,2011,"-0,87014391030",,"71,7640801164",,4821.4285714286,,10.9127647059,,226.3388235294,,"70,8939362061",,105,,240,,280,
93,3341901,Kar11,KWS Karlsruhe 2011,127411,https://doi.org/10.15454/KIHXDG,B105_H,REPLICATE>BLOCK>PLOT,,,93,,19,3,"REPLICATE>BLOCK>PLOT:93,REPLICATE>BLOCK:9,REPLICATE:2",watered,2011,"0,00000000000",,"69,7957287632",,4330.5728088337,,11.862620915,,273.9272941176,,"69,7957287632",,110,,250,,290,
3,3341792,Kar11,KWS Karlsruhe 2011,127411,https://doi.org/10.15454/KIHXDG,B105_H,REPLICATE>BLOCK>PLOT,,,3,,1,3,"REPLICATE>BLOCK>PLOT:3,REPLICATE>BLOCK:1,REPLICATE:1",watered,2011,"-0,91351262490",,"72,6775927413",,4234.4173441734,,11.7058823529,,276.4461176471,,"71,7640801164",,125,,255,,290,
224,3342061,Kar11,KWS Karlsruhe 2011,127412,https://doi.org/10.15454/CNJTVT,A347_H,REPLICATE>BLOCK>PLOT,,,224,,13,9,"REPLICATE>BLOCK>PLOT:224,REPLICATE>BLOCK:5,REPLICATE:3",rainfed,2011,"0,00000000000",,"75,5445670441",,3230.7692307692,,9.009,,278.85,,"75,5445670441",,120,,245,,285,
189,3342018,Kar11,KWS Karlsruhe 2011,127412,https://doi.org/10.15454/CNJTVT,A347_H,REPLICATE>BLOCK>PLOT,,,189,,9,14,"REPLICATE>BLOCK>PLOT:189,REPLICATE>BLOCK:8,REPLICATE:2",rainfed,2011,"0,76527794500",,"73,9098118269",,2891.6929547844,,7.8153921569,,270.2704705882,,"74,6750897719",,115,,240,,280,
150,3341970,Kar11,KWS Karlsruhe 2011,127412,https://doi.org/10.15454/CNJTVT,A347_H,REPLICATE>BLOCK>PLOT,,,150,,5,15,"REPLICATE>BLOCK>PLOT:150,REPLICATE>BLOCK:10,REPLICATE:1",rainfed,2011,"-0,76527794500",,"74,6750897719",,3648.1481481482,,9.3092156863,,255.1764705882,,"73,9098118269",,125,,255,,290,
73,3341877,Kar11,KWS Karlsruhe 2011,127412,https://doi.org/10.15454/CNJTVT,A347_H,REPLICATE>BLOCK>PLOT,,,73,,15,3,"REPLICATE>BLOCK>PLOT:73,REPLICATE>BLOCK:5,REPLICATE:2",watered,2011,"-0,86947727220",,"75,5445670441",,3888.8888888889,,10.3764705882,,266.8235294118,,"74,6750897719",,150,,260,,290,
45,3341842,Kar11,KWS Karlsruhe 2011,127412,https://doi.org/10.15454/CNJTVT,A347_H,REPLICATE>BLOCK>PLOT,,,45,,9,5,"REPLICATE>BLOCK>PLOT:45,REPLICATE>BLOCK:9,REPLICATE:1",watered,2011,"-0,91351262490",,"72,6775927413",,3431.9302237391,,8.8831960784,,258.8396470588,,"71,7640801164",,140,,260,,310,
210,3342044,Kar11,KWS Karlsruhe 2011,127413,https://doi.org/10.15454/JBBAWF,EP52_H,REPLICATE>BLOCK>PLOT,,,210,,11,15,"REPLICATE>BLOCK>PLOT:210,REPLICATE>BLOCK:2,REPLICATE:3",rainfed,2011,"-0,86947727220",,"75,5445670441",,3901.0797631487,,10.2966797386,,263.9443529412,,"74,6750897719",,120,,250,,285,
192,3342022,Kar11,KWS Karlsruhe 2011,127413,https://doi.org/10.15454/JBBAWF,EP52_H,REPLICATE>BLOCK>PLOT,,,192,,10,14,"REPLICATE>BLOCK>PLOT:192,REPLICATE>BLOCK:10,REPLICATE:2",rainfed,2011,"0,00000000000",,"75,5445670441",,4329.0043290043,,11.0447058824,,255.1327058824,,"75,5445670441",,130,,245,,295,
118,3341932,Kar11,KWS Karlsruhe 2011,127413,https://doi.org/10.15454/JBBAWF,EP52_H,REPLICATE>BLOCK>PLOT,,,118,,2,8,"REPLICATE>BLOCK>PLOT:118,REPLICATE>BLOCK:3,REPLICATE:1",rainfed,2011,"-0,86947727220",,"75,5445670441",,3862.4338624339,,9.9609215686,,257.8923529412,,"74,6750897719",,125,,255,,290,
81,3341886,Kar11,KWS Karlsruhe 2011,127413,https://doi.org/10.15454/JBBAWF,EP52_H,REPLICATE>BLOCK>PLOT,,,81,,17,1,"REPLICATE>BLOCK>PLOT:81,REPLICATE>BLOCK:7,REPLICATE:2",watered,2011,"-0,91351262490",,"72,6775927413",,4296.066252588,,11.7973921569,,274.6091764706,,"71,7640801164",,150,,265,,305,
24,3341817,Kar11,KWS Karlsruhe 2011,127413,https://doi.org/10.15454/JBBAWF,EP52_H,REPLICATE>BLOCK>PLOT,,,24,,5,4,"REPLICATE>BLOCK>PLOT:24,REPLICATE>BLOCK:5,REPLICATE:1",watered,2011,"0,00000000000",,"72,6775927413",,4065.48933039,,10.5545555556,,259.6134117647,,"72,6775927413",,140,,260,,305,
163,3341987,Kar11,KWS Karlsruhe 2011,127414,https://doi.org/10.15454/X2ENCA,F7028_H,REPLICATE>BLOCK>PLOT,,,163,,7,8,"REPLICATE>BLOCK>PLOT:163,REPLICATE>BLOCK:3,REPLICATE:2",rainfed,2011,"-2,86697430280",,"75,5445670441",,3802.4691358025,,7.3497254902,,193.2882352941,,"72,6775927413",,110,,240,,275,
105,3341916,Kar11,KWS Karlsruhe 2011,127414,https://doi.org/10.15454/X2ENCA,F7028_H,REPLICATE>BLOCK>PLOT,,,105,,1,10,"REPLICATE>BLOCK>PLOT:105,REPLICATE>BLOCK:1,REPLICATE:1",rainfed,2011,"-1,99749703060",,"74,6750897719",,4343.4343434343,,8.3189542484,,191.5294117647,,"72,6775927413",,100,,230,,270,
70,3341873,Kar11,KWS Karlsruhe 2011,127414,https://doi.org/10.15454/X2ENCA,F7028_H,REPLICATE>BLOCK>PLOT,,,70,,14,1,"REPLICATE>BLOCK>PLOT:70,REPLICATE>BLOCK:4,REPLICATE:2",watered,2011,"-1,78365653520",,"72,6775927413",,4012.3456790124,,8.5339477124,,212.6922352941,,"70,8939362061",,120,,245,,280,
34,3341829,Kar11,KWS Karlsruhe 2011,127414,https://doi.org/10.15454/X2ENCA,F7028_H,REPLICATE>BLOCK>PLOT,,,34,,7,4,"REPLICATE>BLOCK>PLOT:34,REPLICATE>BLOCK:7,REPLICATE:1",watered,2011,"-1,78365653520",,"72,6775927413",,4305.3181386515,,9.2033013072,,213.7658823529,,"70,8939362061",,110,,245,,280,
213,3342048,Kar11,KWS Karlsruhe 2011,127415,https://doi.org/10.15454/DPMMOI,F1890_H,REPLICATE>BLOCK>PLOT,,,213,,12,13,"REPLICATE>BLOCK>PLOT:213,REPLICATE>BLOCK:4,REPLICATE:3",rainfed,2011,"-0,91351262490",,"72,6775927413",,4261.0571736785,,10.9546666667,,257.088,,"71,7640801164",,130,,250,,285,
160,3341983,Kar11,KWS Karlsruhe 2011,127415,https://doi.org/10.15454/DPMMOI,F1890_H,REPLICATE>BLOCK>PLOT,,,160,,6,6,"REPLICATE>BLOCK>PLOT:160,REPLICATE>BLOCK:1,REPLICATE:2",rainfed,2011,"0,00000000000",,"75,5445670441",,5135.5479190531,,12.7256339869,,247.7950588235,,"75,5445670441",,130,,245,,280,
138,3341956,Kar11,KWS Karlsruhe 2011,127415,https://doi.org/10.15454/DPMMOI,F1890_H,REPLICATE>BLOCK>PLOT,,,138,,4,8,"REPLICATE>BLOCK>PLOT:138,REPLICATE>BLOCK:7,REPLICATE:1",rainfed,2011,"0,00000000000",,"72,6775927413",,4613.9359698682,,11.3308496732,,245.5788235294,,"72,6775927413",,120,,245,,285,
63,3341865,Kar11,KWS Karlsruhe 2011,127415,https://doi.org/10.15454/DPMMOI,F1890_H,REPLICATE>BLOCK>PLOT,,,63,,13,3,"REPLICATE>BLOCK>PLOT:63,REPLICATE>BLOCK:3,REPLICATE:2",watered,2011,"-1,78365653520",,"72,6775927413",,4283.1541218638,,11.5204248366,,268.9705882353,,"70,8939362061",,140,,240,,280,
20,3341812,Kar11,KWS Karlsruhe 2011,127415,https://doi.org/10.15454/DPMMOI,F1890_H,REPLICATE>BLOCK>PLOT,,,20,,4,1,"REPLICATE>BLOCK>PLOT:20,REPLICATE>BLOCK:4,REPLICATE:1",watered,2011,"-0,87014391030",,"71,7640801164",,4700.8547008547,,11.6871764706,,248.6181176471,,"70,8939362061",,135,,245,,285,
233,3342071,Kar11,KWS Karlsruhe 2011,127416,https://doi.org/10.15454/O8CNHP,A374_H,REPLICATE>BLOCK>PLOT,,,233,,14,13,"REPLICATE>BLOCK>PLOT:233,REPLICATE>BLOCK:8,REPLICATE:3",rainfed,2011,"0,00000000000",,"72,6775927413",,4739.2290249433,,9.5894117647,,202.3411764706,,"72,6775927413",,130,,250,,285,
183,3342011,Kar11,KWS Karlsruhe 2011,127416,https://doi.org/10.15454/O8CNHP,A374_H,REPLICATE>BLOCK>PLOT,,,183,,9,8,"REPLICATE>BLOCK>PLOT:183,REPLICATE>BLOCK:7,REPLICATE:2",rainfed,2011,"-1,99749703060",,"74,6750897719",,3177.4580335731,,7.2495686275,,228.1562352941,,"72,6775927413",,115,,250,,290,
144,3341963,Kar11,KWS Karlsruhe 2011,127416,https://doi.org/10.15454/O8CNHP,A374_H,REPLICATE>BLOCK>PLOT,,,144,,5,9,"REPLICATE>BLOCK>PLOT:144,REPLICATE>BLOCK:9,REPLICATE:1",rainfed,2011,"0,00000000000",,"72,6775927413",,NA,,NA,,NA,,"72,6775927413",,125,,240,,275,
60,3341861,Kar11,KWS Karlsruhe 2011,127416,https://doi.org/10.15454/O8CNHP,A374_H,REPLICATE>BLOCK>PLOT,,,60,,12,1,"REPLICATE>BLOCK>PLOT:60,REPLICATE>BLOCK:2,REPLICATE:2",watered,2011,"-0,91351262490",,"72,6775927413",,4951.690821256,,9.9672875817,,201.2905882353,,"71,7640801164",,130,,255,,290,
15,3341806,Kar11,KWS Karlsruhe 2011,127416,https://doi.org/10.15454/O8CNHP,A374_H,REPLICATE>BLOCK>PLOT,,,15,,3,5,"REPLICATE>BLOCK>PLOT:15,REPLICATE>BLOCK:3,REPLICATE:1",watered,2011,"-1,99749703060",,"74,6750897719",,5113.9005113901,,10.6016993464,,207.3114117647,,"72,6775927413",,120,,245,,275,
250,3342090,Kar11,KWS Karlsruhe 2011,127417,https://doi.org/10.15454/TPZTSA,FR19_H,REPLICATE>BLOCK>PLOT,,,250,,15,15,"REPLICATE>BLOCK>PLOT:250,REPLICATE>BLOCK:10,REPLICATE:3",rainfed,2011,"-1,99749703060",,"74,6750897719",,3833.5383353834,,9.1177777778,,237.8423529412,,"72,6775927413",,115,,255,,285,
197,3342028,Kar11,KWS Karlsruhe 2011,127417,https://doi.org/10.15454/TPZTSA,FR19_H,REPLICATE>BLOCK>PLOT,,,197,,10,9,"REPLICATE>BLOCK>PLOT:197,REPLICATE>BLOCK:9,REPLICATE:2",rainfed,2011,"-0,86947727220",,"75,5445670441",,3930.0411522634,,9.1405359477,,232.5811764706,,"74,6750897719",,110,,250,,285,
124,3341939,Kar11,KWS Karlsruhe 2011,127417,https://doi.org/10.15454/TPZTSA,FR19_H,REPLICATE>BLOCK>PLOT,,,124,,3,9,"REPLICATE>BLOCK>PLOT:124,REPLICATE>BLOCK:5,REPLICATE:1",rainfed,2011,"-0,86947727220",,"75,5445670441",,3542.3925667828,,8.9119803922,,251.5808235294,,"74,6750897719",,130,,265,,300,
87,3341894,Kar11,KWS Karlsruhe 2011,127417,https://doi.org/10.15454/TPZTSA,FR19_H,REPLICATE>BLOCK>PLOT,,,87,,18,4,"REPLICATE>BLOCK>PLOT:87,REPLICATE>BLOCK:8,REPLICATE:2",watered,2011,"-2,54007043280",,"70,8939362061",,3906.5567334119,,10.1411960784,,259.5942352941,,"68,3538657733",,130,,280,,305,
6,3341795,Kar11,KWS Karlsruhe 2011,127417,https://doi.org/10.15454/TPZTSA,FR19_H,REPLICATE>BLOCK>PLOT,,,6,,2,5,"REPLICATE>BLOCK>PLOT:6,REPLICATE>BLOCK:2,REPLICATE:1",watered,2011,"-1,78365653520",,"72,6775927413",,3702.4691358025,,9.2910196078,,250.9411764706,,"70,8939362061",,125,,245,,275,
218,3342054,Kar11,KWS Karlsruhe 2011,127418,https://doi.org/10.15454/PJSPJG,B100_H,REPLICATE>BLOCK>PLOT,,,218,,12,8,"REPLICATE>BLOCK>PLOT:218,REPLICATE>BLOCK:3,REPLICATE:3",rainfed,2011,"-1,99749703060",,"74,6750897719",,3575.3575357536,,8.9814705882,,251.2048235294,,"72,6775927413",,110,,220,,255,
178,3342005,Kar11,KWS Karlsruhe 2011,127418,https://doi.org/10.15454/PJSPJG,B100_H,REPLICATE>BLOCK>PLOT,,,178,,8,8,"REPLICATE>BLOCK>PLOT:178,REPLICATE>BLOCK:5,REPLICATE:2",rainfed,2011,"-1,99749703060",,"74,6750897719",,4087.3015873016,,9.4302222222,,230.72,,"72,6775927413",,110,,230,,260,
106,3341917,Kar11,KWS Karlsruhe 2011,127418,https://doi.org/10.15454/PJSPJG,B100_H,REPLICATE>BLOCK>PLOT,,,106,,1,11,"REPLICATE>BLOCK>PLOT:106,REPLICATE>BLOCK:2,REPLICATE:1",rainfed,2011,"0,00000000000",,"72,6775927413",,4365.0793650794,,10.2666666667,,235.2,,"72,6775927413",,115,,230,,260,
77,3341882,Kar11,KWS Karlsruhe 2011,127418,https://doi.org/10.15454/PJSPJG,B100_H,REPLICATE>BLOCK>PLOT,,,77,,16,4,"REPLICATE>BLOCK>PLOT:77,REPLICATE>BLOCK:6,REPLICATE:2",watered,2011,"-1,78365653520",,"72,6775927413",,4639.175257732,,11.6782941176,,251.7321176471,,"70,8939362061",,120,,250,,285,
38,3341834,Kar11,KWS Karlsruhe 2011,127418,https://doi.org/10.15454/PJSPJG,B100_H,REPLICATE>BLOCK>PLOT,,,38,,8,3,"REPLICATE>BLOCK>PLOT:38,REPLICATE>BLOCK:8,REPLICATE:1",watered,2011,"-1,78365653520",,"72,6775927413",,4636.0153256705,,11.7140653595,,252.6752941176,,"70,8939362061",,130,,240,,270,
201,3342032,Kar11,KWS Karlsruhe 2011,127419,https://doi.org/10.15454/F8P1TS,EZ11A_H,REPLICATE>BLOCK>PLOT,,,201,,11,6,"REPLICATE>BLOCK>PLOT:201,REPLICATE>BLOCK:1,REPLICATE:3",rainfed,2011,"-2,78469224780",,"78,3292592919",,4761.9047619048,,11.1851764706,,234.8887058824,,"75,5445670441",,130,,270,,305,
155,3341977,Kar11,KWS Karlsruhe 2011,127419,https://doi.org/10.15454/F8P1TS,EZ11A_H,REPLICATE>BLOCK>PLOT,,,155,,6,11,"REPLICATE>BLOCK>PLOT:155,REPLICATE>BLOCK:2,REPLICATE:2",rainfed,2011,"-0,86947727220",,"75,5445670441",,5284.5528455285,,10.5667058824,,199.9545882353,,"74,6750897719",,130,,280,,315,
129,3341945,Kar11,KWS Karlsruhe 2011,127419,https://doi.org/10.15454/F8P1TS,EZ11A_H,REPLICATE>BLOCK>PLOT,,,129,,3,14,"REPLICATE>BLOCK>PLOT:129,REPLICATE>BLOCK:6,REPLICATE:1",rainfed,2011,"-1,80876374270",,"76,4838535146",,4904.3549043549,,10.8024705882,,220.2628235294,,"74,6750897719",,135,,275,,305,
97,3341906,Kar11,KWS Karlsruhe 2011,127419,https://doi.org/10.15454/F8P1TS,EZ11A_H,REPLICATE>BLOCK>PLOT,,,97,,20,4,"REPLICATE>BLOCK>PLOT:97,REPLICATE>BLOCK:10,REPLICATE:2",watered,2011,"-0,91351262490",,"72,6775927413",,4921.7002237137,,12.4994509804,,253.9661176471,,"71,7640801164",,145,,300,,330,
28,3341822,Kar11,KWS Karlsruhe 2011,127419,https://doi.org/10.15454/F8P1TS,EZ11A_H,REPLICATE>BLOCK>PLOT,,,28,,6,3,"REPLICATE>BLOCK>PLOT:28,REPLICATE>BLOCK:6,REPLICATE:1",watered,2011,"0,00000000000",,"72,6775927413",,5003.9401103231,,12.0276470588,,240.3635294118,,"72,6775927413",,150,,290,,325,
229,3342066,Kar11,KWS Karlsruhe 2011,127420,https://doi.org/10.15454/GD6TZS,EZ37_H,REPLICATE>BLOCK>PLOT,,,229,,13,14,"REPLICATE>BLOCK>PLOT:229,REPLICATE>BLOCK:6,REPLICATE:3",rainfed,2011,"0,00000000000",,"72,6775927413",,4277.9713511421,,10.2873333333,,240.4722352941,,"72,6775927413",,125,,245,,285,
190,3342019,Kar11,KWS Karlsruhe 2011,127420,https://doi.org/10.15454/GD6TZS,EZ37_H,REPLICATE>BLOCK>PLOT,,,190,,9,15,"REPLICATE>BLOCK>PLOT:190,REPLICATE>BLOCK:8,REPLICATE:2",rainfed,2011,"0,00000000000",,"72,6775927413",,3598.2601818901,,8.6051503268,,239.1475294118,,"72,6775927413",,130,,250,,285,
111,3341923,Kar11,KWS Karlsruhe 2011,127420,https://doi.org/10.15454/GD6TZS,EZ37_H,REPLICATE>BLOCK>PLOT,,,111,,2,15,"REPLICATE>BLOCK>PLOT:111,REPLICATE>BLOCK:4,REPLICATE:1",rainfed,2011,"0,00000000000",,"74,6750897719",,3911.5646258503,,9.7438823529,,249.1044705882,,"74,6750897719",,120,,255,,295,
57,3341858,Kar11,KWS Karlsruhe 2011,127420,https://doi.org/10.15454/GD6TZS,EZ37_H,REPLICATE>BLOCK>PLOT,,,57,,12,4,"REPLICATE>BLOCK>PLOT:57,REPLICATE>BLOCK:2,REPLICATE:2",watered,2011,"0,00000000000",,"70,8939362061",,4346.9785575049,,11.0450588235,,254.0858823529,,"70,8939362061",,125,,265,,305,
47,3341845,Kar11,KWS Karlsruhe 2011,127420,https://doi.org/10.15454/GD6TZS,EZ37_H,REPLICATE>BLOCK>PLOT,,,47,,10,4,"REPLICATE>BLOCK>PLOT:47,REPLICATE>BLOCK:10,REPLICATE:1",watered,2011,"-1,78365653520",,"72,6775927413",,4115.9772911598,,10.1725555556,,247.148,,"70,8939362061",,120,,265,,305,
215,3342050,Kar11,KWS Karlsruhe 2011,127421,https://doi.org/10.15454/RFTVJ3,F1808_H,REPLICATE>BLOCK>PLOT,,,215,,12,11,"REPLICATE>BLOCK>PLOT:215,REPLICATE>BLOCK:4,REPLICATE:3",rainfed,2011,"0,00000000000",,"71,7640801164",,3010.752688172,,8.0497254902,,267.3658823529,,"71,7640801164",,115,,230,,260,
194,3342024,Kar11,KWS Karlsruhe 2011,127421,https://doi.org/10.15454/RFTVJ3,F1808_H,REPLICATE>BLOCK>PLOT,,,194,,10,12,"REPLICATE>BLOCK>PLOT:194,REPLICATE>BLOCK:10,REPLICATE:2",rainfed,2011,"-0,91351262490",,"72,6775927413",,3787.8787878788,,10.1376470588,,267.6338823529,,"71,7640801164",,115,,235,,270,
135,3341952,Kar11,KWS Karlsruhe 2011,127421,https://doi.org/10.15454/RFTVJ3,F1808_H,REPLICATE>BLOCK>PLOT,,,135,,4,11,"REPLICATE>BLOCK>PLOT:135,REPLICATE>BLOCK:8,REPLICATE:1",rainfed,2011,"-3,78115356580",,"74,6750897719",,4026.3259775455,,9.6917124183,,240.7085882353,,"70,8939362061",,125,,250,,280,
90,3341897,Kar11,KWS Karlsruhe 2011,127421,https://doi.org/10.15454/RFTVJ3,F1808_H,REPLICATE>BLOCK>PLOT,,,90,,18,1,"REPLICATE>BLOCK>PLOT:90,REPLICATE>BLOCK:8,REPLICATE:2",watered,2011,"0,00000000000",,"69,7957287632",,4144.6208112875,,11.3537254902,,273.9388235294,,"69,7957287632",,125,,255,,290,
1,3341788,Kar11,KWS Karlsruhe 2011,127421,https://doi.org/10.15454/RFTVJ3,F1808_H,REPLICATE>BLOCK>PLOT,,,1,,1,1,"REPLICATE>BLOCK>PLOT:1,REPLICATE>BLOCK:1,REPLICATE:1",watered,2011,"0,00000000000",,"69,7957287632",,3996.2850388382,,11.5050789542,,287.8943529412,,"69,7957287632",,125,,250,,285,
231,3342068,Kar11,KWS Karlsruhe 2011,127422,https://doi.org/10.15454/KUZQQB,Pa405_H,REPLICATE>BLOCK>PLOT,,,231,,14,15,"REPLICATE>BLOCK>PLOT:231,REPLICATE>BLOCK:8,REPLICATE:3",rainfed,2011,"-2,91100965550",,"74,6750897719",,4685.9903381643,,9.4958562092,,202.6435294118,,"71,7640801164",,130,,255,,285,
161,3341984,Kar11,KWS Karlsruhe 2011,127422,https://doi.org/10.15454/KUZQQB,Pa405_H,REPLICATE>BLOCK>PLOT,,,161,,7,6,"REPLICATE>BLOCK>PLOT:161,REPLICATE>BLOCK:3,REPLICATE:2",rainfed,2011,"-3,78115356580",,"74,6750897719",,3711.387736284,,7.8669019608,,211.9665882353,,"70,8939362061",,115,,250,,290,
147,3341967,Kar11,KWS Karlsruhe 2011,127422,https://doi.org/10.15454/KUZQQB,Pa405_H,REPLICATE>BLOCK>PLOT,,,147,,5,12,"REPLICATE>BLOCK>PLOT:147,REPLICATE>BLOCK:10,REPLICATE:1",rainfed,2011,"-5,74883828090",,"75,5445670441",,4328.7037037037,,9.1141111111,,210.5505882353,,"69,7957287632",,115,,265,,300,
80,3341885,Kar11,KWS Karlsruhe 2011,127422,https://doi.org/10.15454/KUZQQB,Pa405_H,REPLICATE>BLOCK>PLOT,,,80,,16,1,"REPLICATE>BLOCK>PLOT:80,REPLICATE>BLOCK:6,REPLICATE:2",watered,2011,"-5,74883828090",,"75,5445670441",,4258.5386943364,,9.8422745098,,231.1185882353,,"69,7957287632",,135,,250,,285,
41,3341837,Kar11,KWS Karlsruhe 2011,127422,https://doi.org/10.15454/KUZQQB,Pa405_H,REPLICATE>BLOCK>PLOT,,,41,,9,1,"REPLICATE>BLOCK>PLOT:41,REPLICATE>BLOCK:9,REPLICATE:1",watered,2011,"-2,88186397810",,"72,6775927413",,4396.3254593176,,10.1261960784,,230.3331764706,,"69,7957287632",,130,,250,,285,
246,3342085,Kar11,KWS Karlsruhe 2011,127423,https://doi.org/10.15454/M33T8W,LH38_H,REPLICATE>BLOCK>PLOT,,,246,,15,11,"REPLICATE>BLOCK>PLOT:246,REPLICATE>BLOCK:10,REPLICATE:3",rainfed,2011,"0,00000000000",,"75,5445670441",,3940.7920030757,,9.7837254902,,248.268,,"75,5445670441",,105,,230,,260,
156,3341978,Kar11,KWS Karlsruhe 2011,127423,https://doi.org/10.15454/M33T8W,LH38_H,REPLICATE>BLOCK>PLOT,,,156,,6,10,"REPLICATE>BLOCK>PLOT:156,REPLICATE>BLOCK:1,REPLICATE:2",rainfed,2011,"0,00000000000",,"75,5445670441",,3149.2819349962,,7.8689662745,,249.8654117647,,"75,5445670441",,110,,245,,280,
120,3341934,Kar11,KWS Karlsruhe 2011,127423,https://doi.org/10.15454/M33T8W,LH38_H,REPLICATE>BLOCK>PLOT,,,120,,2,6,"REPLICATE>BLOCK>PLOT:120,REPLICATE>BLOCK:3,REPLICATE:1",rainfed,2011,"-1,99749703060",,"74,6750897719",,3532.2359396434,,9.7237385621,,275.2856470588,,"72,6775927413",,110,,235,,270,
100,3341909,Kar11,KWS Karlsruhe 2011,127423,https://doi.org/10.15454/M33T8W,LH38_H,REPLICATE>BLOCK>PLOT,,,100,,20,1,"REPLICATE>BLOCK>PLOT:100,REPLICATE>BLOCK:10,REPLICATE:2",watered,2011,"0,00000000000",,"70,8939362061",,4252.8735632184,,10.6951764706,,251.4811764706,,"70,8939362061",,120,,250,,285,
25,3341818,Kar11,KWS Karlsruhe 2011,127423,https://doi.org/10.15454/M33T8W,LH38_H,REPLICATE>BLOCK>PLOT,,,25,,5,5,"REPLICATE>BLOCK>PLOT:25,REPLICATE>BLOCK:5,REPLICATE:1",watered,2011,"0,00000000000",,"72,6775927413",,4124.7629882442,,10.7191768627,,259.8737647059,,"72,6775927413",,105,,230,,275,
216,3342051,Kar11,KWS Karlsruhe 2011,127424,https://doi.org/10.15454/EYCTRV,Oh02_H,REPLICATE>BLOCK>PLOT,,,216,,12,10,"REPLICATE>BLOCK>PLOT:216,REPLICATE>BLOCK:3,REPLICATE:3",rainfed,2011,"-2,78469224780",,"78,3292592919",,4045.683313976,,9.9623333333,,246.246,,"75,5445670441",,135,,260,,295,
185,3342013,Kar11,KWS Karlsruhe 2011,127424,https://doi.org/10.15454/EYCTRV,Oh02_H,REPLICATE>BLOCK>PLOT,,,185,,9,10,"REPLICATE>BLOCK>PLOT:185,REPLICATE>BLOCK:7,REPLICATE:2",rainfed,2011,"-1,12091443820",,"78,3292592919",,4382.9296424452,,10.678745098,,243.644,,"77,2083448537",,140,,255,,295,
104,3341915,Kar11,KWS Karlsruhe 2011,127424,https://doi.org/10.15454/EYCTRV,Oh02_H,REPLICATE>BLOCK>PLOT,,,104,,1,9,"REPLICATE>BLOCK>PLOT:104,REPLICATE>BLOCK:1,REPLICATE:1",rainfed,2011,"-3,65416952000",,"78,3292592919",,4015.0462962963,,9.8193105882,,244.5628235294,,"74,6750897719",,130,,255,,295,
54,3341854,Kar11,KWS Karlsruhe 2011,127424,https://doi.org/10.15454/EYCTRV,Oh02_H,REPLICATE>BLOCK>PLOT,,,54,,11,4,"REPLICATE>BLOCK>PLOT:54,REPLICATE>BLOCK:1,REPLICATE:2",watered,2011,"-2,86697430280",,"75,5445670441",,4113.8023836986,,10.9084052288,,265.166,,"72,6775927413",,145,,255,,295,
31,3341825,Kar11,KWS Karlsruhe 2011,127424,https://doi.org/10.15454/EYCTRV,Oh02_H,REPLICATE>BLOCK>PLOT,,,31,,7,1,"REPLICATE>BLOCK>PLOT:31,REPLICATE>BLOCK:7,REPLICATE:1",watered,2011,"0,00000000000",,"75,5445670441",,4310.9668109668,,11.7594248366,,272.7792941176,,"75,5445670441",,150,,275,,315,
205,3342038,Kar11,KWS Karlsruhe 2011,127425,https://doi.org/10.15454/ZEQFBU,UH250_H,REPLICATE>BLOCK>PLOT,,,205,,11,10,"REPLICATE>BLOCK>PLOT:205,REPLICATE>BLOCK:1,REPLICATE:3",rainfed,2011,"-0,87014391030",,"71,7640801164",,3000,,8.1656470588,,272.1882352941,,"70,8939362061",,115,,230,,260,
199,3342030,Kar11,KWS Karlsruhe 2011,127425,https://doi.org/10.15454/ZEQFBU,UH250_H,REPLICATE>BLOCK>PLOT,,,199,,10,7,"REPLICATE>BLOCK>PLOT:199,REPLICATE>BLOCK:9,REPLICATE:2",rainfed,2011,"0,00000000000",,"70,8939362061",,3148.1481481482,,8.5033333333,,270.1058823529,,"70,8939362061",,110,,225,,255,
136,3341953,Kar11,KWS Karlsruhe 2011,127425,https://doi.org/10.15454/ZEQFBU,UH250_H,REPLICATE>BLOCK>PLOT,,,136,,4,10,"REPLICATE>BLOCK>PLOT:136,REPLICATE>BLOCK:7,REPLICATE:1",rainfed,2011,"0,00000000000",,"68,3538657733",,3888.8888888889,,9.4376470588,,242.6823529412,,"68,3538657733",,110,,230,,260,
94,3341902,Kar11,KWS Karlsruhe 2011,127425,https://doi.org/10.15454/ZEQFBU,UH250_H,REPLICATE>BLOCK>PLOT,,,94,,19,4,"REPLICATE>BLOCK>PLOT:94,REPLICATE>BLOCK:9,REPLICATE:2",watered,2011,"0,00000000000",,"66,9527614489",,3080.3080308031,,8.7425882353,,283.8218823529,,"66,9527614489",,125,,235,,270,
17,3341809,Kar11,KWS Karlsruhe 2011,127425,https://doi.org/10.15454/ZEQFBU,UH250_H,REPLICATE>BLOCK>PLOT,,,17,,4,4,"REPLICATE>BLOCK>PLOT:17,REPLICATE>BLOCK:4,REPLICATE:1",watered,2011,"-1,44186298990",,"69,7957287632",,3524.9042145594,,9.5247058824,,270.2117647059,,"68,3538657733",,110,,250,,290,
237,3342076,Kar11,KWS Karlsruhe 2011,127426,https://doi.org/10.15454/3UYP74,B97_H,REPLICATE>BLOCK>PLOT,,,237,,14,9,"REPLICATE>BLOCK>PLOT:237,REPLICATE>BLOCK:7,REPLICATE:3",rainfed,2011,"0,00000000000",,"75,5445670441",,3817.2043010753,,9.9720196078,,261.2388235294,,"75,5445670441",,120,,255,,285,
177,3342004,Kar11,KWS Karlsruhe 2011,127426,https://doi.org/10.15454/3UYP74,B97_H,REPLICATE>BLOCK>PLOT,,,177,,8,9,"REPLICATE>BLOCK>PLOT:177,REPLICATE>BLOCK:5,REPLICATE:2",rainfed,2011,"0,00000000000",,"75,5445670441",,3620.6896551724,,8.7298235294,,241.1094117647,,"75,5445670441",,115,,250,,285,
145,3341964,Kar11,KWS Karlsruhe 2011,127426,https://doi.org/10.15454/3UYP74,B97_H,REPLICATE>BLOCK>PLOT,,,145,,5,10,"REPLICATE>BLOCK>PLOT:145,REPLICATE>BLOCK:9,REPLICATE:1",rainfed,2011,"-1,99749703060",,"74,6750897719",,4408.8572558323,,10.3833464052,,235.5110588235,,"72,6775927413",,120,,260,,290,
71,3341874,Kar11,KWS Karlsruhe 2011,127426,https://doi.org/10.15454/3UYP74,B97_H,REPLICATE>BLOCK>PLOT,,,71,,15,1,"REPLICATE>BLOCK>PLOT:71,REPLICATE>BLOCK:5,REPLICATE:2",watered,2011,"0,00000000000",,"75,5445670441",,3988.0952380952,,9.913372549,,248.5741176471,,"75,5445670441",,120,,260,,300,
14,3341805,Kar11,KWS Karlsruhe 2011,127426,https://doi.org/10.15454/3UYP74,B97_H,REPLICATE>BLOCK>PLOT,,,14,,3,4,"REPLICATE>BLOCK>PLOT:14,REPLICATE>BLOCK:3,REPLICATE:1",watered,2011,"-0,86947727220",,"75,5445670441",,3647.5869809203,,9.5154901961,,260.8708235294,,"74,6750897719",,110,,260,,300,
242,3342082,Kar11,KWS Karlsruhe 2011,127427,https://doi.org/10.15454/KSZLK9,F838_H,REPLICATE>BLOCK>PLOT,,,242,,15,7,"REPLICATE>BLOCK>PLOT:242,REPLICATE>BLOCK:9,REPLICATE:3",rainfed,2011,"0,00000000000",,"75,5445670441",,3644.4444444444,,7.5632941176,,207.5294117647,,"75,5445670441",,110,,225,,265,
151,3341971,Kar11,KWS Karlsruhe 2011,127427,https://doi.org/10.15454/KSZLK9,F838_H,REPLICATE>BLOCK>PLOT,,,151,,6,15,"REPLICATE>BLOCK>PLOT:151,REPLICATE>BLOCK:2,REPLICATE:2",rainfed,2011,"0,00000000000",,"72,6775927413",,4081.6326530612,,8.6364705882,,211.5935294118,,"72,6775927413",,130,,250,,285,
122,3341937,Kar11,KWS Karlsruhe 2011,127427,https://doi.org/10.15454/KSZLK9,F838_H,REPLICATE>BLOCK>PLOT,,,122,,3,7,"REPLICATE>BLOCK>PLOT:122,REPLICATE>BLOCK:5,REPLICATE:1",rainfed,2011,"-0,86947727220",,"75,5445670441",,4742.5474254743,,10.0539215686,,211.9941176471,,"74,6750897719",,130,,245,,290,
84,3341890,Kar11,KWS Karlsruhe 2011,127427,https://doi.org/10.15454/KSZLK9,F838_H,REPLICATE>BLOCK>PLOT,,,84,,17,4,"REPLICATE>BLOCK>PLOT:84,REPLICATE>BLOCK:7,REPLICATE:2",watered,2011,"0,00000000000",,"72,6775927413",,5263.1578947368,,9.0129411765,,171.2458823529,,"72,6775927413",,140,,255,,300,
7,3341797,Kar11,KWS Karlsruhe 2011,127427,https://doi.org/10.15454/KSZLK9,F838_H,REPLICATE>BLOCK>PLOT,,,7,,2,4,"REPLICATE>BLOCK>PLOT:7,REPLICATE>BLOCK:2,REPLICATE:1",watered,2011,"-0,91351262490",,"72,6775927413",,4183.2669322709,,9.3697058824,,223.9805882353,,"71,7640801164",,120,,225,,255,
221,3342057,Kar11,KWS Karlsruhe 2011,127428,https://doi.org/10.15454/4W8MAU,B104_H,REPLICATE>BLOCK>PLOT,,,221,,13,6,"REPLICATE>BLOCK>PLOT:221,REPLICATE>BLOCK:5,REPLICATE:3",rainfed,2011,"-2,78469224780",,"78,3292592919",,3411.9328331547,,8.4863921569,,248.7268235294,,"75,5445670441",,105,,250,,280,
174,3342000,Kar11,KWS Karlsruhe 2011,127428,https://doi.org/10.15454/4W8MAU,B104_H,REPLICATE>BLOCK>PLOT,,,174,,8,12,"REPLICATE>BLOCK>PLOT:174,REPLICATE>BLOCK:6,REPLICATE:2",rainfed,2011,"-2,78469224780",,"78,3292592919",,3540.13319313,,9.0002222222,,254.234,,"75,5445670441",,120,,245,,285,
107,3341919,Kar11,KWS Karlsruhe 2011,127428,https://doi.org/10.15454/4W8MAU,B104_H,REPLICATE>BLOCK>PLOT,,,107,,1,12,"REPLICATE>BLOCK>PLOT:107,REPLICATE>BLOCK:2,REPLICATE:1",rainfed,2011,"-2,53325508180",,"77,2083448537",,3691.6395222584,,9.0853333333,,246.1056470588,,"74,6750897719",,110,,240,,270,
67,3341870,Kar11,KWS Karlsruhe 2011,127428,https://doi.org/10.15454/4W8MAU,B104_H,REPLICATE>BLOCK>PLOT,,,67,,14,4,"REPLICATE>BLOCK>PLOT:67,REPLICATE>BLOCK:4,REPLICATE:2",watered,2011,"-2,86697430280",,"75,5445670441",,4107.7441077441,,11.3308496732,,275.8411764706,,"72,6775927413",,125,,285,,335,
40,3341836,Kar11,KWS Karlsruhe 2011,127428,https://doi.org/10.15454/4W8MAU,B104_H,REPLICATE>BLOCK>PLOT,,,40,,8,1,"REPLICATE>BLOCK>PLOT:40,REPLICATE>BLOCK:8,REPLICATE:1",watered,2011,"-2,86697430280",,"75,5445670441",,3803.8038038038,,10.4850196078,,275.6456470588,,"72,6775927413",,115,,245,,285,
206,3342039,Kar11,KWS Karlsruhe 2011,127429,https://doi.org/10.15454/LFK19C,B89_H,REPLICATE>BLOCK>PLOT,,,206,,11,11,"REPLICATE>BLOCK>PLOT:206,REPLICATE>BLOCK:2,REPLICATE:3",rainfed,2011,"-1,78365653520",,"72,6775927413",,3656.223893066,,8.6488793464,,236.5522352941,,"70,8939362061",,115,,235,,275,
167,3341992,Kar11,KWS Karlsruhe 2011,127429,https://doi.org/10.15454/LFK19C,B89_H,REPLICATE>BLOCK>PLOT,,,167,,7,12,"REPLICATE>BLOCK>PLOT:167,REPLICATE>BLOCK:4,REPLICATE:2",rainfed,2011,"0,00000000000",,"70,8939362061",,3579.8122065728,,9.0626862745,,253.1609411765,,"70,8939362061",,125,,250,,285,
127,3341943,Kar11,KWS Karlsruhe 2011,127429,https://doi.org/10.15454/LFK19C,B89_H,REPLICATE>BLOCK>PLOT,,,127,,3,12,"REPLICATE>BLOCK>PLOT:127,REPLICATE>BLOCK:6,REPLICATE:1",rainfed,2011,"-1,78365653520",,"72,6775927413",,3585.500394011,,8.8264052288,,246.1694117647,,"70,8939362061",,120,,255,,285,
64,3341866,Kar11,KWS Karlsruhe 2011,127429,https://doi.org/10.15454/LFK19C,B89_H,REPLICATE>BLOCK>PLOT,,,64,,13,4,"REPLICATE>BLOCK>PLOT:64,REPLICATE>BLOCK:3,REPLICATE:2",watered,2011,"-2,54007043280",,"70,8939362061",,3907.4074074074,,10.7085947712,,274.0588235294,,"68,3538657733",,125,,265,,305,
30,3341824,Kar11,KWS Karlsruhe 2011,127429,https://doi.org/10.15454/LFK19C,B89_H,REPLICATE>BLOCK>PLOT,,,30,,6,1,"REPLICATE>BLOCK>PLOT:30,REPLICATE>BLOCK:6,REPLICATE:1",watered,2011,"-2,88186397810",,"72,6775927413",,3590.5680600214,,9.9449019608,,276.9729411765,,"69,7957287632",,130,,260,,295,
247,3342087,Kar11,KWS Karlsruhe 2011,127430,https://doi.org/10.15454/TX6MDP,NC290_H,REPLICATE>BLOCK>PLOT,,,247,,15,12,"REPLICATE>BLOCK>PLOT:247,REPLICATE>BLOCK:10,REPLICATE:3",rainfed,2011,"-2,86697430280",,"75,5445670441",,3989.247311828,,9.9224313725,,248.7294117647,,"72,6775927413",,115,,245,,285,
153,3341975,Kar11,KWS Karlsruhe 2011,127430,https://doi.org/10.15454/TX6MDP,NC290_H,REPLICATE>BLOCK>PLOT,,,153,,6,13,"REPLICATE>BLOCK>PLOT:153,REPLICATE>BLOCK:2,REPLICATE:2",rainfed,2011,"-2,86697430280",,"75,5445670441",,4713.8047138047,,11.3762352941,,241.3387058824,,"72,6775927413",,125,,265,,300,
115,3341928,Kar11,KWS Karlsruhe 2011,127430,https://doi.org/10.15454/TX6MDP,NC290_H,REPLICATE>BLOCK>PLOT,,,115,,2,11,"REPLICATE>BLOCK>PLOT:115,REPLICATE>BLOCK:4,REPLICATE:1",rainfed,2011,"-1,99749703060",,"74,6750897719",,4666.6666666667,,11.3663529412,,243.5647058824,,"72,6775927413",,115,,255,,295,
66,3341868,Kar11,KWS Karlsruhe 2011,127430,https://doi.org/10.15454/TX6MDP,NC290_H,REPLICATE>BLOCK>PLOT,,,66,,14,5,"REPLICATE>BLOCK>PLOT:66,REPLICATE>BLOCK:4,REPLICATE:2",watered,2011,"-3,78115356580",,"74,6750897719",,4821.0922787194,,11.9098562092,,247.0364705882,,"70,8939362061",,120,,245,,290,
49,3341847,Kar11,KWS Karlsruhe 2011,127430,https://doi.org/10.15454/TX6MDP,NC290_H,REPLICATE>BLOCK>PLOT,,,49,,10,2,"REPLICATE>BLOCK>PLOT:49,REPLICATE>BLOCK:10,REPLICATE:1",watered,2011,"-1,78365653520",,"72,6775927413",,3968.253968254,,10.1162418301,,254.9292941176,,"70,8939362061",,115,,235,,270,
219,3342055,Kar11,KWS Karlsruhe 2011,127431,https://doi.org/10.15454/YK08AN,UH_P089_H,REPLICATE>BLOCK>PLOT,,,219,,12,7,"REPLICATE>BLOCK>PLOT:219,REPLICATE>BLOCK:3,REPLICATE:3",rainfed,2011,"-1,99749703060",,"74,6750897719",,3075.7400999616,,7.6894117647,,250.002,,"72,6775927413",,105,,210,,240,
173,3341999,Kar11,KWS Karlsruhe 2011,127431,https://doi.org/10.15454/YK08AN,UH_P089_H,REPLICATE>BLOCK>PLOT,,,173,,8,13,"REPLICATE>BLOCK>PLOT:173,REPLICATE>BLOCK:6,REPLICATE:2",rainfed,2011,"-0,87014391030",,"71,7640801164",,2992.3510466989,,7.0074243137,,234.1778823529,,"70,8939362061",,110,,240,,280,
133,3341950,Kar11,KWS Karlsruhe 2011,127431,https://doi.org/10.15454/YK08AN,UH_P089_H,REPLICATE>BLOCK>PLOT,,,133,,4,13,"REPLICATE>BLOCK>PLOT:133,REPLICATE>BLOCK:8,REPLICATE:1",rainfed,2011,"-1,78365653520",,"72,6775927413",,3928.5714285714,,9.4405882353,,240.3058823529,,"70,8939362061",,110,,230,,270,
61,3341862,Kar11,KWS Karlsruhe 2011,127431,https://doi.org/10.15454/YK08AN,UH_P089_H,REPLICATE>BLOCK>PLOT,,,61,,13,1,"REPLICATE>BLOCK>PLOT:61,REPLICATE>BLOCK:3,REPLICATE:2",watered,2011,"-2,88186397810",,"72,6775927413",,4070.2160493827,,10.3996797386,,255.5068235294,,"69,7957287632",,110,,240,,280,
5,3341794,Kar11,KWS Karlsruhe 2011,127431,https://doi.org/10.15454/YK08AN,UH_P089_H,REPLICATE>BLOCK>PLOT,,,5,,1,5,"REPLICATE>BLOCK>PLOT:5,REPLICATE>BLOCK:1,REPLICATE:1",watered,2011,"0,00000000000",,"69,7957287632",,3741.4965986395,,9.8094117647,,262.1788235294,,"69,7957287632",,120,,235,,275,
203,3342036,Kar11,KWS Karlsruhe 2011,127432,https://doi.org/10.15454/V2GUZ8,EC232_H,REPLICATE>BLOCK>PLOT,,,203,,11,8,"REPLICATE>BLOCK>PLOT:203,REPLICATE>BLOCK:1,REPLICATE:3",rainfed,2011,"-0,91351262490",,"72,6775927413",,2693.6026936027,,6.9807058824,,259.1587058824,,"71,7640801164",,100,,210,,245,
166,3341990,Kar11,KWS Karlsruhe 2011,127432,https://doi.org/10.15454/V2GUZ8,EC232_H,REPLICATE>BLOCK>PLOT,,,166,,7,11,"REPLICATE>BLOCK>PLOT:166,REPLICATE>BLOCK:4,REPLICATE:2",rainfed,2011,"0,00000000000",,"70,8939362061",,4423.0769230769,,10.3513529412,,234.0305882353,,"70,8939362061",,115,,245,,280,
146,3341965,Kar11,KWS Karlsruhe 2011,127432,https://doi.org/10.15454/V2GUZ8,EC232_H,REPLICATE>BLOCK>PLOT,,,146,,5,11,"REPLICATE>BLOCK>PLOT:146,REPLICATE>BLOCK:10,REPLICATE:1",rainfed,2011,"-0,87014391030",,"71,7640801164",,3873.4228734229,,9.4062793464,,242.8415294118,,"70,8939362061",,115,,245,,265,
56,3341856,Kar11,KWS Karlsruhe 2011,127432,https://doi.org/10.15454/V2GUZ8,EC232_H,REPLICATE>BLOCK>PLOT,,,56,,12,5,"REPLICATE>BLOCK>PLOT:56,REPLICATE>BLOCK:2,REPLICATE:2",watered,2011,"0,00000000000",,"68,3538657733",,4166.6666666667,,10.2597647059,,246.2343529412,,"68,3538657733",,130,,245,,375,
42,3341839,Kar11,KWS Karlsruhe 2011,127432,https://doi.org/10.15454/V2GUZ8,EC232_H,REPLICATE>BLOCK>PLOT,,,42,,9,2,"REPLICATE>BLOCK>PLOT:42,REPLICATE>BLOCK:9,REPLICATE:1",watered,2011,"0,00000000000",,"68,3538657733",,3733.0135891287,,9.5902875817,,256.9047058824,,"68,3538657733",,125,,245,,275,
236,3342074,Kar11,KWS Karlsruhe 2011,127433,https://doi.org/10.15454/CAPEG4,LAN496_H,REPLICATE>BLOCK>PLOT,,,236,,14,10,"REPLICATE>BLOCK>PLOT:236,REPLICATE>BLOCK:7,REPLICATE:3",rainfed,2011,"-4,53075211240",,"77,2083448537",,3118.9083820663,,7.6862745098,,246.4411764706,,"72,6775927413",,120,,235,,270,
